open_time,open_price,high_price,low_price,close_price,volume,close_time,quote_asset_volume,trades,taker_base_volume,taker_quote_volume,ignore
1767509040000,91316.05,91316.05000000,91269.02000000,91286.23,31.90055,1767509099999,2912432.78394930,3512,3.54540000,323650.14006190,0
1767509100000,91286.23,91378.32000000,91280.76000000,91339.81,17.43452,1767509159999,1592519.75427130,5317,14.39210000,1314615.31242800,0
1767509160000,91339.8,91373.29000000,91339.80000000,91366.02,11.05951,1767509219999,1010291.43431570,1994,9.27189000,846973.59913460,0
1767509220000,91366.01,91372.68000000,91351.04000000,91372.67,7.96347,1767509279999,727580.74155480,2372,6.65682000,608194.92265690,0
1767509280000,91372.68,91377.37000000,91358.83000000,91361.93,4.70443,1767509339999,429839.01359540,887,4.00123000,365591.42135620,0
1767509340000,91361.93,91361.94000000,91297.33000000,91312.39,5.41804,1767509399999,494828.83437290,3521,1.29874000,118585.44149160,0
1767509400000,91312.39,91339.78000000,91312.38000000,91330.34,2.4886,1767509459999,227279.48556770,1962,0.81317000,74260.75324600,0
1767509460000,91330.33,91356.00000000,91304.75000000,91356.0,16.0597,1767509519999,1466412.01197810,3116,11.80978000,1078354.02104290,0
1767509520000,91355.99,91360.00000000,91347.00000000,91359.99,1.46041,1767509579999,133411.34287710,1351,0.89148000,81436.55649660,0
1767509580000,91359.99,91360.00000000,91359.99000000,91360.0,0.68073,1767509639999,62191.49107560,229,0.50829000,46437.37440000,0
1767509640000,91360.0,91371.38000000,91360.00000000,91371.38,1.78739,1767509699999,163306.38489010,771,1.59642000,145858.78091660,0
1767509700000,91371.38,91371.38000000,91324.26000000,91324.27,1.69544,1767509759999,154888.32628320,1882,0.11059000,10100.55076530,0
1767509760000,91324.27,91324.27000000,91300.00000000,91300.0,5.28884,1767509819999,482956.90307170,2072,1.92939000,176168.11998490,0
1767509820000,91300.01,91300.01000000,91261.20000000,91296.89,6.1149,1767509879999,558170.44129280,3337,2.07505000,189392.76169310,0
1767509880000,91296.89,91296.89000000,91255.54000000,91255.55,7.92869,1767509939999,723632.10866540,1907,4.74698000,433245.98722940,0
1767509940000,91255.55,91268.00000000,91237.54000000,91237.55,7.46943,1767509999999,681581.24054900,2438,1.32483000,120903.14982350,0
1767510000000,91237.54,91254.37000000,91211.25000000,91254.36,9.47089,1767510059999,864106.17095700,4945,3.19134000,291141.52608200,0
1767510060000,91254.37,91305.13000000,91254.36000000,91305.13,13.94588,1767510119999,1272970.13372480,2154,5.99302000,547124.01941080,0
1767510120000,91305.12,91317.14000000,91291.60000000,91291.61,3.9907,1767510179999,364383.45279240,1987,1.10294000,100711.25675150,0
1767510180000,91291.61,91325.17000000,91281.95000000,91296.16,2.85932,1767510239999,261069.49177250,2539,1.08969000,99496.40061300,0
1767510240000,91296.16,91318.00000000,91282.04000000,91317.99,13.17021,1767510299999,1202442.77478410,2158,3.80248000,347200.92311450,0
1767510300000,91317.99,91318.00000000,91277.10000000,91285.38,2.29784,1767510359999,209785.08504020,2074,0.62300000,56867.34294430,0
1767510360000,91285.38,91343.72000000,91285.38000000,91326.22,4.95296,1767510419999,452310.19357280,1683,3.44147000,314266.96040540,0
1767510420000,91326.22,91350.00000000,91326.22000000,91350.0,1.18141,1767510479999,107911.42896060,807,0.96685000,88311.95364570,0
1767510480000,91350.0,91370.27000000,91349.99000000,91354.0,6.70751,1767510539999,612822.74573880,1394,3.00229000,274305.87488540,0
1767510540000,91354.0,91354.01000000,91345.31000000,91345.32,1.70997,1767510599999,156210.42429390,569,0.41952000,38323.37600410,0
1767510600000,91345.31,91345.32000000,91345.31000000,91345.31,4.88114,1767510659999,445869.26985040,256,2.33970000,213720.64520400,0
1767510660000,91345.32,91378.87000000,91345.31000000,91378.86,7.21338,1767510719999,658972.22137430,1345,6.17976000,564535.55969850,0
1767510720000,91378.86,91378.87000000,91362.16000000,91362.17,4.04904,1767510779999,369962.70242150,1776,1.26842000,115891.38084480,0
1767510780000,91362.17,91362.17000000,91337.38000000,91337.39,4.87192,1767510839999,445030.06843690,1038,2.36984000,216455.21354690,0
1767510840000,91337.39,91337.39000000,91323.81000000,91323.82,1.16867,1767510899999,106733.73494180,611,0.56584000,51678.02079460,0
1767510900000,91323.82,91335.43000000,91323.81000000,91332.36,2.8302,1767510959999,258481.92186910,634,1.38806000,126765.42163950,0
1767510960000,91332.37,91332.37000000,91332.36000000,91332.36,0.25058,1767511019999,22886.06402700,124,0.12582000,11491.43879340,0
1767511020000,91332.36,91332.37000000,91302.78000000,91302.79,4.29127,1767511079999,391880.89650650,738,0.29305000,26760.74652730,0
1767511080000,91302.79,91330.00000000,91302.79000000,91329.99,2.5123,1767511139999,229396.96209380,836,2.33811000,213489.75383900,0
1767511140000,91329.99,91345.99000000,91329.99000000,91345.99,1.11982,1767511199999,102276.97311290,887,0.93349000,85257.51568970,0
1767511200000,91345.99,91345.99000000,91316.00000000,91316.0,1.43357,1767511259999,130936.86902790,1371,0.25226000,23040.69625280,0
1767511260000,91316.0,91316.01000000,91316.00000000,91316.0,0.53541,1767511319999,48891.50194360,353,0.23836000,21766.08414360,0
1767511320000,91316.01,91334.00000000,91316.00000000,91334.0,4.5708,1767511379999,417398.13164960,1125,4.05392000,370196.44705170,0
1767511380000,91333.99,91334.00000000,91318.17000000,91318.17,2.01357,1767511439999,183904.36987060,921,1.02768000,93861.90870240,0
1767511440000,91318.18,91318.18000000,91275.96000000,91275.96,2.1152,1767511499999,193123.71733430,1847,0.24187000,22082.62646790,0
1767511500000,91275.96,91275.97000000,91236.58000000,91268.0,4.88346,1767511559999,445659.63142520,3611,1.74500000,159243.47753090,0
1767511560000,91267.99,91268.00000000,91241.00000000,91241.0,1.16737,1767511619999,106529.63708150,1411,0.26042000,23767.36114060,0
1767511620000,91241.01,91268.00000000,91241.00000000,91267.99,3.53662,1767511679999,322735.25972520,1243,2.03856000,186029.49763750,0
1767511680000,91268.0,91297.60000000,91267.99000000,91297.59,2.39979,1767511739999,219067.48494310,1046,1.94299000,177365.64210150,0
1767511740000,91297.59,91308.00000000,91297.59000000,91308.0,4.27619,1767511799999,390410.85760240,612,4.15064000,378947.56920790,0
1767511800000,91308.0,91340.95000000,91307.99000000,91340.94,6.83219,1767511859999,624017.53699520,1759,6.48307000,592129.10496610,0
1767511860000,91340.94,91366.00000000,91330.00000000,91365.99,5.3685,1767511919999,490361.73132880,1350,4.53496000,414226.54475190,0
1767511920000,91365.99,91365.99000000,91339.37000000,91339.37,3.04036,1767511979999,277725.57510330,1007,0.85956000,78514.36968950,0
1767511980000,91339.37,91339.38000000,91339.37000000,91339.37,1.69106,1767512039999,154460.36979720,193,1.47650000,134862.59457000,0
1767512040000,91339.38,91355.09000000,91328.00000000,91342.38,10.62498,1767512099999,970508.05609170,1458,8.42479000,769519.48253890,0
1767512100000,91342.39,91342.39000000,91336.02000000,91336.03,0.74335,1767512159999,67898.44453800,443,0.10683000,9758.00703740,0
1767512160000,91336.02,91418.18000000,91331.34000000,91356.74,86.2094,1767512219999,7877463.29003390,7758,11.93924000,1090910.12040490,0
1767512220000,91356.74,91432.95000000,91356.74000000,91432.94,13.98807,1767512279999,1278514.07439510,2790,13.60635000,1243630.60318220,0
1767512280000,91432.94,91432.95000000,91414.60000000,91414.61,2.71804,1767512339999,248505.61533480,861,0.18883000,17262.62860950,0
1767512340000,91414.6,91414.61000000,91394.00000000,91394.0,2.64167,1767512399999,241448.96865930,1038,1.30038000,118853.56908180,0
1767512400000,91394.0,91394.01000000,91384.88000000,91384.89,1.20803,1767512459999,110404.80092310,585,0.35340000,32298.04914840,0
1767512460000,91384.88,91432.94000000,91384.88000000,91432.94,5.67424,1767512519999,518622.94374570,1881,5.46598000,499587.62779890,0
1767512520000,91432.94,91474.76000000,91432.93000000,91474.55,4.18746,1767512579999,382955.71366190,1764,3.61227000,330356.77730160,0
1767512580000,91474.54,91475.05000000,91474.54000000,91475.05,12.75857,1767512639999,1167084.50077900,493,6.90623000,631744.32134540,0
1767512640000,91475.04,91490.68000000,91475.04000000,91490.67,2.22069,1767512699999,203150.83909320,417,1.62230000,148408.90970250,0
1767512700000,91490.68,91490.68000000,91463.23000000,91490.67,40.55941,1767512759999,3710187.59637230,2097,1.93478000,176988.85253340,0
1767512760000,91490.67,91500.00000000,91490.67000000,91499.99,8.02919,1767512819999,734643.45537440,629,7.75254000,709330.84554460,0
1767512820000,91500.0,91500.00000000,91499.99000000,91500.0,0.78609,1767512879999,71927.23187430,247,0.47352000,43327.08000000,0
1767512880000,91499.99,91500.00000000,91454.03000000,91454.03,5.1045,1767512939999,466983.48128810,1719,1.16378000,106457.25790280,0
1767512940000,91454.03,91454.04000000,91446.75000000,91446.75,7.40106,1767512999999,676826.85753910,610,0.31098000,28439.04602040,0
1767513000000,91446.75,91449.75000000,91446.67000000,91449.75,5.11178,1767513059999,467456.10018230,723,2.54622000,232843.90631350,0
1767513060000,91449.74,91499.99000000,91449.74000000,91499.99,2.4332,1767513119999,222599.74843160,2143,2.33746000,213840.32183380,0
1767513120000,91499.99,91520.64000000,91480.80000000,91520.64,18.11385,1767513179999,1657402.58235970,1421,14.99710000,1372222.02487160,0
1767513180000,91520.63,91523.00000000,91504.79000000,91504.8,14.51362,1767513239999,1328235.51459650,1752,4.12885000,377856.69909330,0
1767513240000,91504.79,91504.80000000,91452.50000000,91452.5,7.82292,1767513299999,715694.00780720,1999,1.26516000,115729.30180260,0
1767513300000,91452.5,91498.91000000,91452.50000000,91498.91,12.81319,1767513359999,1171956.92405310,1825,9.28542000,849319.60504610,0
1767513360000,91498.91,91527.18000000,91498.90000000,91527.17,23.68281,1767513419999,2167145.21060360,2522,22.75648000,2082382.95719600,0
1767513420000,91527.17,91546.31000000,91527.17000000,91536.93,21.16555,1767513479999,1937369.41628900,3137,18.01094000,1648595.56987560,0
1767513480000,91537.13,91537.14000000,91514.04000000,91515.27,6.59066,1767513539999,603191.20074170,1220,2.76706000,253226.60109230,0
1767513540000,91515.26,91532.01000000,91515.26000000,91532.0,2.01935,1767513599999,184820.56682870,1067,1.06735000,97686.52651690,0
1767513600000,91532.0,91536.00000000,91499.50000000,91499.5,13.35923,1767513659999,1222766.66860480,1934,2.42667000,222114.83627480,0
1767513660000,91499.51,91499.51000000,91388.02000000,91388.02,25.06911,1767513719999,2292794.34386100,3666,3.87680000,354489.18545330,0
1767513720000,91388.02,91388.03000000,91314.99000000,91331.12,72.37818,1767513779999,6611450.56054700,6106,14.74819000,1347168.88118000,0
1767513780000,91331.13,91331.13000000,91253.89000000,91279.99,70.41944,1767513839999,6429191.13587710,4837,14.05852000,1283401.74627320,0
1767513840000,91280.0,91316.14000000,91279.99000000,91296.8,12.44324,1767513899999,1136105.50931670,2657,10.90162000,995339.79553840,0
1767513900000,91296.81,91322.32000000,91285.85000000,91322.32,3.6695,1767513959999,335037.18748060,2336,2.59933000,237328.31668590,0
1767513960000,91322.32,91322.32000000,91282.00000000,91303.04,7.59167,1767514019999,693117.37579260,1561,1.46112000,133385.80106020,0
1767514020000,91303.05,91303.05000000,91274.58000000,91301.13,5.2161,1767514079999,476150.38242890,2813,2.67322000,244010.19193760,0
1767514080000,91301.13,91325.86000000,91301.12000000,91325.86,4.37303,1767514139999,399281.48394600,1067,3.46037000,315951.95628040,0
1767514140000,91325.85,91360.00000000,91325.85000000,91351.5,2.79396,1767514199999,255215.07496170,3316,1.83232000,167369.64079140,0
1767514200000,91351.5,91376.57000000,91351.50000000,91376.56,4.77312,1767514259999,436135.05606680,858,4.61534000,421717.86625830,0
1767514260000,91376.57,91376.57000000,91340.03000000,91349.99,3.69956,1767514319999,337984.48578770,1380,0.80130000,73198.36705650,0
1767514320000,91350.0,91350.26000000,91325.97000000,91350.25,9.12215,1767514379999,833274.59629010,1233,1.75648000,160450.40720660,0
1767514380000,91350.26,91365.29000000,91350.25000000,91365.29,3.90302,1767514439999,356594.41940390,867,0.37429000,34193.21815720,0
1767514440000,91365.28,91365.29000000,91288.00000000,91312.39,10.66795,1767514499999,974237.98851680,2203,1.48301000,135398.69744590,0
1767514500000,91312.39,91335.29000000,91284.00000000,91335.28,5.74434,1767514559999,524504.12847880,3037,4.20853000,384280.08409190,0
1767514560000,91335.28,91366.00000000,91335.28000000,91354.04,2.03288,1767514619999,185716.79750000,2362,1.09509000,100036.94228410,0
1767514620000,91354.04,91354.04000000,91333.04000000,91333.05,0.77735,1767514679999,71004.15116080,1129,0.23605000,21559.27823480,0
1767514680000,91333.04,91360.00000000,91333.04000000,91359.99,1.69038,1767514739999,154404.71307070,1356,1.12213000,102502.83972320,0
1767514740000,91360.0,91360.00000000,91340.00000000,91340.0,1.74809,1767514799999,159684.65367390,1180,0.27593000,25203.53295930,0
1767514800000,91340.01,91340.01000000,91310.00000000,91335.4,3.60756,1767514859999,329458.44496730,2227,1.44106000,131590.98070530,0
1767514860000,91335.4,91348.57000000,91335.39000000,91348.56,0.58843,1767514919999,53749.59960970,588,0.48639000,44428.52351320,0
1767514920000,91348.57,91370.00000000,91348.56000000,91370.0,1.21272,1767514979999,110789.11243970,1065,1.04048000,95054.36430940,0
1767514980000,91369.99,91370.00000000,91354.70000000,91354.7,2.6808,1767515039999,244942.11996320,789,2.11445000,193196.99464320,0
1767515040000,91354.7,91354.70000000,91285.51000000,91285.52,8.42797,1767515099999,769613.13845210,2282,0.15966000,14577.67397020,0
1767515100000,91285.52,91285.53000000,91174.46000000,91242.96,92.40383,1767515159999,8427690.47409200,6064,13.72344000,1251625.62636540,0
1767515160000,91242.96,91251.80000000,91212.09000000,91227.64,17.854,1767515219999,1628884.01756490,1826,7.02509000,640876.58786820,0
1767515220000,91227.63,91227.64000000,91212.11000000,91218.5,4.12899,1767515279999,376635.55215180,999,0.78924000,71989.77953520,0
1767515280000,91218.5,91249.99000000,91215.00000000,91249.98,3.06032,1767515339999,279209.39661140,1260,2.30159000,209981.65595840,0
1767515340000,91249.99,91249.99000000,91206.00000000,91234.36,16.75201,1767515399999,1528327.96113030,1889,3.48487000,317878.75653530,0
1767515400000,91234.35,91243.40000000,91234.35000000,91243.4,1.56527,1767515459999,142813.92912450,456,1.16448000,106245.14633680,0
1767515460000,91243.4,91298.83000000,91243.39000000,91298.83,5.44335,1767515519999,496812.80280520,2350,2.96732000,270785.07224500,0
1767515520000,91298.83,91298.83000000,91289.51000000,91289.51,2.39456,1767515579999,218602.72200510,506,0.84559000,77193.52279180,0
1767515580000,91289.52,91299.59000000,91289.51000000,91299.59,1.42471,1767515639999,130062.76544310,686,1.06972000,97655.70179470,0
1767515640000,91299.59,91299.59000000,91299.58000000,91299.59,0.56051,1767515699999,51174.33152780,115,0.39420000,35990.29837800,0
1767515700000,91299.59,91325.61000000,91299.58000000,91325.61,2.33474,1767515759999,213169.38617010,834,2.24307000,204799.30678930,0
1767515760000,91325.6,91335.20000000,91325.60000000,91335.19,9.87524,1767515819999,901907.37515620,650,8.88477000,811443.30341790,0
1767515820000,91335.2,91335.20000000,91316.00000000,91335.2,3.32687,1767515879999,303830.27153850,1644,1.06330000,97099.59633880,0
1767515880000,91335.19,91339.76000000,91335.19000000,91339.75,0.36034,1767515939999,32912.99259630,497,0.26038000,23782.68162870,0
1767515940000,91339.76,91339.76000000,91290.05000000,91290.4,4.38869,1767515999999,400772.27937440,2242,0.58176000,53126.73192610,0
1767516000000,91290.39,91290.40000000,91280.00000000,91290.39,5.36229,1767516059999,489512.85268640,857,3.06133000,279458.15595070,0
1767516060000,91290.39,91397.36000000,91290.39000000,91383.39,27.83738,1767516119999,2543404.72099870,3772,21.25724000,1942028.34196740,0
1767516120000,91383.39,91383.40000000,91350.01000000,91350.02,9.22914,1767516179999,843319.98141720,1721,1.81715000,166044.35765940,0
1767516180000,91350.01,91376.86000000,91350.01000000,91376.85,6.08725,1767516239999,556113.75341650,893,4.61335000,421439.74567910,0
1767516240000,91376.85,91400.00000000,91376.85000000,91400.0,3.41644,1767516299999,312216.40161230,1817,3.21311000,293635.33112270,0
1767516300000,91400.0,91412.00000000,91399.99000000,91399.99,2.57789,1767516359999,235636.08041060,1391,1.01020000,92337.58914860,0
1767516360000,91399.99,91399.99000000,91381.72000000,91390.56,3.26334,1767516419999,298225.31704960,1096,1.82712000,166972.63453130,0
1767516420000,91390.55,91430.00000000,91390.55000000,91414.99,5.24541,1767516479999,479492.67900940,1875,4.45056000,406825.19243970,0
1767516480000,91415.0,91430.00000000,91400.00000000,91409.0,9.71963,1767516539999,888473.81747980,1892,6.63164000,606190.14357550,0
1767516540000,91409.0,91436.42000000,91408.99000000,91436.41,10.16831,1767516599999,929682.10157070,882,7.33904000,671027.59577130,0
1767516600000,91436.42,91436.42000000,91412.11000000,91412.11,26.87948,1767516659999,2457397.43855500,1449,19.88143000,1817587.91543900,0
1767516660000,91412.12,91412.12000000,91352.49000000,91354.13,8.37221,1767516719999,765170.08073910,1770,2.60851000,238406.99137340,0
1767516720000,91354.13,91370.56000000,91354.13000000,91354.6,3.02292,1767516779999,276164.53716010,1422,1.38047000,126113.45437980,0
1767516780000,91354.6,91354.61000000,91334.00000000,91334.01,4.86019,1767516839999,443956.84066230,1357,1.34016000,122403.87413560,0
1767516840000,91334.01,91334.01000000,91312.38000000,91312.39,5.15791,1767516899999,471049.26998920,1123,2.83157000,258594.83449830,0
1767516900000,91312.38,91353.95000000,91306.66000000,91353.94,10.93897,1767516959999,998868.90369670,2498,3.82989000,349745.35994650,0
1767516960000,91353.94,91379.49000000,91353.94000000,91365.24,2.90469,1767517019999,265388.99727200,1724,2.23236000,203957.62300970,0
1767517020000,91365.23,91365.24000000,91358.00000000,91358.01,3.23041,1767517079999,295129.19708580,658,2.48040000,226608.42696330,0
1767517080000,91358.01,91366.02000000,91358.00000000,91366.01,9.94994,1767517139999,909036.81417410,964,8.59942000,785652.10953210,0
1767517140000,91366.02,91391.68000000,91366.01000000,91374.99,18.72114,1767517199999,1710762.07304010,2827,17.85357000,1631480.92588590,0
1767517200000,91374.99,91418.45000000,91374.98000000,91416.04,48.58392,1767517259999,4440675.19374320,4899,44.47643000,4065217.35910420,0
1767517260000,91416.04,91432.44000000,91379.18000000,91379.19,22.80775,1767517319999,2085091.56389460,3887,19.38504000,1772234.10582820,0
1767517320000,91379.19,91379.19000000,91340.00000000,91340.01,12.98197,1767517379999,1186122.32010890,1306,1.72138000,157263.20323300,0
1767517380000,91340.0,91340.01000000,91336.00000000,91336.0,0.88473,1767517439999,80808.95520530,326,0.51606000,47135.21004060,0
1767517440000,91336.01,91336.01000000,91336.00000000,91336.0,5.27984,1767517499999,482239.46711110,171,0.08711000,7956.27983110,0
1767517500000,91336.01,91336.01000000,91336.00000000,91336.0,10.78825,1767517559999,985355.63119770,331,2.91977000,266680.14191770,0
1767517560000,91336.0,91336.01000000,91270.15000000,91270.15,43.40568,1767517619999,3962547.73095580,2862,0.46359000,42324.00222190,0
1767517620000,91270.15,91271.19000000,91244.29000000,91255.7,61.28843,1767517679999,5592931.88828460,4580,6.84797000,624864.88110250,0
1767517680000,91255.69,91297.43000000,91255.69000000,91297.43,10.09694,1767517739999,921591.65573210,1662,7.35936000,671753.73735480,0
1767517740000,91297.42,91297.43000000,91297.42000000,91297.43,0.68185,1767517799999,62251.15107230,150,0.52453000,47888.24095790,0
1767517800000,91297.42,91297.43000000,91297.42000000,91297.43,1.4808,1767517859999,135193.22618910,229,0.66531000,60741.09315330,0
1767517860000,91297.43,91297.43000000,91289.77000000,91289.78,1.17138,1767517919999,106939.10471730,956,0.16464000,15030.64386660,0
1767517920000,91289.77,91289.78000000,91281.69000000,91281.69,2.00649,1767517979999,183170.03121640,441,0.11339000,10351.34815420,0
1767517980000,91281.7,91281.70000000,91281.69000000,91281.69,7.49168,1767518039999,683853.22542640,270,1.40872000,128590.35642400,0
1767518040000,91281.69,91333.73000000,91281.69000000,91333.73,14.63984,1767518099999,1336748.16965470,2540,13.15826000,1201463.78105680,0
1767518100000,91333.73,91364.45000000,91333.72000000,91341.25,20.12472,1767518159999,1838278.88229320,2681,19.38128000,1770363.25127390,0
1767518160000,91341.25,91373.38000000,91341.25000000,91368.62,30.95678,1767518219999,2828206.84116130,2534,28.83608000,2634439.56351350,0
1767518220000,91368.62,91436.77000000,91360.70000000,91436.77,60.4199,1767518279999,5521815.28285970,5822,53.07804000,4850824.23597640,0
1767518280000,91436.77,91436.77000000,91376.00000000,91376.0,31.92413,1767518339999,2918228.01021880,4070,18.40658000,1682484.32111460,0
1767518340000,91376.0,91413.89000000,91376.00000000,91413.88,3.89306,1767518399999,355774.39853500,2178,3.68793000,337027.49019860,0
1767518400000,91413.89,91425.35000000,91413.88000000,91425.34,1.284,1767518459999,117388.43021320,511,0.95713000,87504.62355550,0
1767518460000,91425.34,91446.00000000,91416.86000000,91416.86,10.71724,1767518519999,979987.40219500,2876,2.87153000,262560.70991050,0
1767518520000,91416.86,91440.95000000,91416.86000000,91423.01,11.54883,1767518579999,1055957.59920130,2850,8.22895000,752395.56721510,0
1767518580000,91423.0,91423.00000000,91383.52000000,91383.52,1.20174,1767518639999,109829.87922980,1624,0.05738000,5243.72417390,0
1767518640000,91383.52,91384.53000000,91323.06000000,91324.33,22.76039,1767518699999,2079604.03582740,1902,1.71148000,156387.41700710,0
1767518700000,91324.32,91324.33000000,91290.22000000,91290.22,38.87431,1767518759999,3549638.20380940,1879,1.18547000,108243.29761130,0
1767518760000,91290.23,91298.00000000,91264.54000000,91297.99,77.02873,1767518819999,7031667.20300750,3652,14.81550000,1352477.34976630,0
1767518820000,91297.99,91298.00000000,91271.79000000,91281.9,58.10364,1767518879999,5303756.01504020,4189,17.80451000,1625155.98202990,0
1767518880000,91281.89,91296.82000000,91281.89000000,91296.82,3.08411,1767518939999,281541.03842180,654,2.96192000,270387.03934610,0
1767518940000,91296.81,91314.36000000,91296.81000000,91314.36,4.87687,1767518999999,445270.50843320,768,4.72883000,431754.22969980,0
1767519000000,91314.36,91367.45000000,91314.36000000,91367.45,9.31225,1767519059999,850691.14531690,2749,4.74092000,433078.96048150,0
1767519060000,91367.45,91384.53000000,91362.00000000,91362.0,4.19302,1767519119999,383131.55421920,2940,2.63818000,241061.45961170,0
1767519120000,91362.01,91362.01000000,91362.00000000,91362.01,2.31863,1767519179999,211834.69342620,314,1.93662000,176933.49580620,0
1767519180000,91362.01,91377.75000000,91362.00000000,91377.74,2.3384,1767519239999,213652.53439460,833,2.21552000,202425.48000720,0
1767519240000,91377.75,91377.75000000,91371.31000000,91371.31,4.25146,1767519299999,388478.47130630,424,2.07825000,189899.40531240,0
1767519300000,91371.31,91371.31000000,91355.76000000,91355.77,5.09104,1767519359999,465127.40075940,890,2.39737000,219024.18257900,0
1767519360000,91355.76,91374.11000000,91355.76000000,91374.1,3.80839,1767519419999,347947.83130040,974,2.47300000,225936.71151820,0
1767519420000,91374.11,91374.11000000,91369.32000000,91369.32,3.23064,1767519479999,295192.52178730,639,1.66470000,152107.02416440,0
1767519480000,91369.32,91369.33000000,91369.32000000,91369.32,6.07411,1767519539999,554987.32820770,392,2.79025000,254943.27303250,0
1767519540000,91369.33,91404.00000000,91369.32000000,91404.0,12.232,1767519599999,1117911.75433330,2042,10.61456000,970079.60093010,0
1767519600000,91404.0,91430.05000000,91404.00000000,91404.0,10.67065,1767519659999,975484.61387250,2418,4.84666000,443061.18921700,0
1767519660000,91404.01,91404.01000000,91403.00000000,91403.0,10.04579,1767519719999,918221.29817540,558,3.58025000,327246.92238250,0
1767519720000,91403.01,91437.97000000,91403.00000000,91437.97,16.27473,1767519779999,1487791.59286300,2088,14.66205000,1340374.96809920,0
1767519780000,91437.97,91437.97000000,91426.02000000,91426.02,17.23578,1767519839999,1575989.03617200,752,11.51094000,1052525.49306720,0
1767519840000,91426.03,91446.57000000,91410.53000000,91446.57,24.74966,1767519899999,2262850.87753170,2861,21.96021000,2007824.08849640,0
1767519900000,91446.57,91450.69000000,91420.00000000,91432.36,34.91681,1767519959999,3192863.41656520,3847,25.34575000,2317678.87253660,0
1767519960000,91432.35,91452.04000000,91426.14000000,91448.1,33.81781,1767520019999,3092078.72009920,3684,27.06907000,2474996.57647260,0
1767520020000,91448.1,91457.26000000,91448.09000000,91457.26,8.69532,1767520079999,795210.03003360,963,8.37946000,766322.74342940,0
1767520080000,91457.26,91465.10000000,91455.77000000,91455.78,9.04535,1767520139999,827294.77408250,1174,6.40115000,585456.90744890,0
1767520140000,91455.78,91455.78000000,91428.94000000,91428.94,8.86545,1767520199999,810665.44251180,1248,3.60916000,330045.94770160,0
1767520200000,91428.94,91472.96000000,91428.94000000,91471.98,12.21848,1767520259999,1117499.41167210,2367,10.35998000,947531.09755370,0
1767520260000,91471.99,91485.21000000,91457.30000000,91485.2,13.36079,1767520319999,1222061.57775850,1318,11.24731000,1028741.07508230,0
1767520320000,91485.2,91485.21000000,91469.47000000,91469.47,5.85839,1767520379999,535928.48151430,1080,3.88139000,355070.50450700,0
1767520380000,91469.48,91475.89000000,91455.47000000,91455.72,11.45561,1767520439999,1047777.82879200,1214,8.20160000,750127.13272970,0
1767520440000,91455.72,91455.73000000,91380.00000000,91414.19,11.00194,1767520499999,1005567.98026740,3297,6.18049000,564877.09683980,0
1767520500000,91414.19,91466.13000000,91414.18000000,91466.12,8.43899,1767520559999,771619.06979920,2880,5.15404000,471263.87925890,0
1767520560000,91466.13,91471.21000000,91436.43000000,91436.43,13.38644,1767520619999,1224304.79409840,2030,7.20028000,658475.58953660,0
1767520620000,91436.43,91447.91000000,91426.00000000,91447.91,6.01291,1767520679999,549827.78623460,1671,5.73342000,524271.92551210,0
1767520680000,91447.9,91472.85000000,91447.90000000,91472.85,3.87929,1767520739999,354828.83742110,1536,3.51373000,321391.49066760,0
1767520740000,91472.85,91473.35000000,91468.28000000,91468.28,7.91351,1767520799999,723855.01974710,1101,4.43866000,406008.21434570,0
1767520800000,91468.28,91468.29000000,91465.47000000,91465.47,5.75014,1767520859999,525940.40204660,706,4.94529000,452324.33139570,0
1767520860000,91465.48,91508.58000000,91465.47000000,91508.58,19.07194,1767520919999,1744889.31539960,2499,17.18992000,1572688.24856930,0
1767520920000,91508.57,91508.58000000,91436.77000000,91436.77,21.12678,1767520979999,1932434.54824700,3045,4.64229000,424635.46282110,0
1767520980000,91436.77,91486.63000000,91436.77000000,91476.0,30.50399,1767521039999,2790177.16458000,3758,13.95525000,1276356.53284120,0
1767521040000,91476.0,91476.00000000,91442.15000000,91442.15,32.29137,1767521099999,2953487.67784420,3298,5.38215000,492267.30192890,0
1767521100000,91442.16,91457.46000000,91442.15000000,91454.23,23.75924,1767521159999,2172849.67588940,2172,5.03266000,460244.81821720,0
1767521160000,91454.23,91486.63000000,91453.03000000,91486.63,11.80389,1767521219999,1079617.32247170,2385,9.12151000,834301.27458410,0
1767521220000,91486.62,91512.61000000,91486.62000000,91512.61,5.4966,1767521279999,502935.19893320,1644,5.27113000,482303.66988890,0
1767521280000,91512.61,91512.61000000,91512.60000000,91512.6,5.08174,1767521339999,465043.28792260,315,4.79986000,439247.71623460,0
1767521340000,91512.61,91512.61000000,91512.60000000,91512.6,6.9282,1767521399999,634017.63469660,410,3.93766000,360345.54389260,0
1767521400000,91512.61,91541.65000000,91512.60000000,91541.64,8.78732,1767521459999,804238.25040580,2154,8.39986000,768780.51511710,0
1767521460000,91541.65,91550.00000000,91529.64000000,91529.65,15.36588,1767521519999,1406668.28340980,1592,9.70788000,888690.86558350,0
1767521520000,91529.65,91570.00000000,91529.65000000,91546.3,42.09885,1767521579999,3854453.34611270,3790,21.72276000,1988860.39759500,0
1767521580000,91546.3,91604.51000000,91512.60000000,91604.51,47.63228,1767521639999,4360977.27075250,5945,35.95209000,3291868.17703650,0
1767521640000,91604.5,91604.51000000,91542.00000000,91544.72,16.00288,1767521699999,1465350.66966050,2564,9.82935000,900091.68499190,0
1767521700000,91544.71,91574.12000000,91544.71000000,91551.55,21.33641,1767521759999,1953533.01724560,3691,11.84952000,1084913.66766030,0
1767521760000,91551.55,91551.56000000,91494.25000000,91494.26,16.31804,1767521819999,1493358.36696690,2791,3.80579000,348278.69462860,0
1767521820000,91494.25,91541.93000000,91494.25000000,91501.25,34.5375,1767521879999,3160954.74661290,2627,13.22403000,1210248.43167640,0
1767521880000,91501.25,91501.26000000,91468.84000000,91471.09,33.13432,1767521939999,3031160.01349160,2805,6.32087000,578203.48653430,0
1767521940000,91471.1,91508.33000000,91471.10000000,91508.33,8.11098,1767521999999,742154.43244280,1462,7.46301000,682871.13840900,0
1767522000000,91508.33,91508.33000000,91485.36000000,91490.68,9.86016,1767522059999,902215.76511540,1439,5.59472000,511905.21218050,0
1767522060000,91490.68,91556.19000000,91490.67000000,91551.43,12.79906,1767522119999,1171505.49493250,3598,12.22765000,1119196.23291070,0
1767522120000,91551.42,91551.43000000,91505.19000000,91510.01,19.91248,1767522179999,1822280.13819990,3228,13.82624000,1265257.86686060,0
1767522180000,91510.02,91510.02000000,91485.26000000,91485.27,8.64301,1767522239999,790834.86032860,1464,5.17229000,473257.20674170,0
1767522240000,91485.27,91485.27000000,91471.01000000,91471.02,6.47703,1767522299999,592484.10688100,848,4.09958000,375003.14488740,0
1767522300000,91471.01,91471.02000000,91447.70000000,91447.7,8.39672,1767522359999,767961.15418000,1228,2.96948000,271579.96347060,0
1767522360000,91447.71,91454.86000000,91432.28000000,91432.28,13.85644,1767522419999,1267049.73191540,2184,8.29558000,758538.06005560,0
1767522420000,91432.28,91483.97000000,91422.67000000,91483.97,16.03351,1767522479999,1466015.81471280,3657,11.77233000,1076405.42506100,0
1767522480000,91483.97,91504.57000000,91483.96000000,91504.56,3.44447,1767522539999,315161.37789000,1556,3.30446000,302349.90621210,0
1767522540000,91504.57,91504.57000000,91452.00000000,91480.0,8.32461,1767522599999,761494.45079220,4142,3.44752000,315340.31047350,0
1767522600000,91480.0,91494.83000000,91479.99000000,91494.83,5.11321,1767522659999,467791.10906740,1108,3.97407000,363579.80477410,0
1767522660000,91494.83,91542.48000000,91494.82000000,91542.47,13.34056,1767522719999,1221127.48081480,2399,3.90723000,357582.59924940,0
1767522720000,91542.47,91553.00000000,91542.46000000,91553.0,13.90343,1767522779999,1272779.83055360,680,13.62403000,1247201.10746520,0
1767522780000,91553.0,91567.32000000,91545.00000000,91560.49,5.1327,1767522839999,469949.58161410,1861,2.62158000,240030.37850910,0
1767522840000,91560.49,91563.92000000,91536.32000000,91553.45,6.27074,1767522899999,574101.30988380,2003,3.05305000,279501.05916000,0
1767522900000,91553.46,91553.46000000,91510.69000000,91510.7,5.09459,1767522959999,466356.25086050,2356,1.81637000,166281.83048940,0
1767522960000,91510.7,91527.77000000,91508.06000000,91508.06,12.35967,1767523019999,1131100.72824040,2867,4.60052000,421028.71745670,0
1767523020000,91508.07,91508.07000000,91478.32000000,91478.33,3.31243,1767523079999,303050.96423440,1677,2.38558000,218247.00045390,0
1767523080000,91478.32,91487.29000000,91478.32000000,91487.29,4.5512,1767523139999,416356.11194360,706,4.18691000,383028.42475560,0
1767523140000,91487.29,91500.00000000,91487.28000000,91499.99,2.74521,1767523199999,251155.17633870,699,2.32186000,212423.74707470,0
1767523200000,91499.99,91530.00000000,91499.99000000,91516.0,4.60151,1767523259999,421111.00049490,2444,3.59793000,329257.94502630,0
1767523260000,91516.01,91516.01000000,91516.00000000,91516.0,1.69269,1767523319999,154908.23356520,207,1.55252000,142080.43584520,0
1767523320000,91516.0,91516.54000000,91503.20000000,91516.53,1.85329,1767523379999,169601.44028310,1424,0.60306000,55188.33055310,0
1767523380000,91516.53,91528.50000000,91516.53000000,91528.5,1.69281,1767523439999,154938.16933700,917,0.79979000,73201.51841670,0
1767523440000,91528.49,91591.50000000,91528.49000000,91591.5,12.09325,1767523499999,1107225.83281270,1186,11.75847000,1076581.82434300,0
1767523500000,91591.49,91597.95000000,91573.12000000,91575.16,5.51472,1767523559999,505118.39450060,1632,1.15338000,105639.07234720,0
1767523560000,91575.17,91580.44000000,91563.36000000,91563.37,2.40092,1767523619999,219867.14613140,890,1.79294000,164190.20396820,0
1767523620000,91563.36,91620.50000000,91563.36000000,91620.5,11.19737,1767523679999,1025577.03862220,1138,10.23459000,937378.22230020,0
1767523680000,91620.5,91620.50000000,91613.00000000,91613.01,2.78389,1767523739999,255056.32727130,635,0.24365000,22321.85526740,0
1767523740000,91613.01,91613.01000000,91587.61000000,91587.62,3.03564,1767523799999,278081.38679900,842,0.54764000,50168.60840210,0
1767523800000,91587.62,91587.62000000,91582.00000000,91582.0,1.26339,1767523859999,115710.65761500,590,0.38329000,35104.57365320,0
1767523860000,91582.01,91582.01000000,91570.19000000,91575.09,4.02358,1767523919999,368462.19100180,923,1.29170000,118286.19799940,0
1767523920000,91575.08,91596.00000000,91575.08000000,91595.99,2.72944,1767523979999,249971.89648070,1184,2.31106000,211658.17964880,0
1767523980000,91595.99,91612.00000000,91595.99000000,91611.99,7.41865,1767524039999,679581.34040330,814,7.29718000,668453.74409000,0
1767524040000,91612.0,91612.00000000,91602.00000000,91602.01,1.3703,1767524099999,125530.97553920,493,0.84834000,77714.84386350,0
1767524100000,91602.01,91611.98000000,91602.00000000,91611.98,2.48477,1767524159999,227625.95450450,526,1.85672000,170091.98197720,0
1767524160000,91611.98,91611.98000000,91611.97000000,91611.98,0.78574,1767524219999,71983.19368560,215,0.43778000,40105.89260440,0
1767524220000,91611.98,91611.98000000,91586.84000000,91586.85,5.49177,1767524279999,503064.87614630,958,0.66455000,60864.72616190,0
1767524280000,91586.85,91601.52000000,91572.00000000,91600.61,6.47733,1767524339999,593267.52503790,1321,2.76395000,253139.39424350,0
1767524340000,91600.61,91600.62000000,91600.61000000,91600.62,1.39409,1767524399999,127699.49561100,194,0.12161000,11139.55139820,0
1767524400000,91600.62,91600.62000000,91569.60000000,91579.0,4.99888,1767524459999,457785.43549210,1590,0.40857000,37414.59501460,0
1767524460000,91579.0,91579.00000000,91578.99000000,91579.0,0.94115,1767524519999,86189.57004670,192,0.36082000,33043.53478000,0
1767524520000,91579.0,91579.00000000,91531.28000000,91531.29,3.0188,1767524579999,276374.95196140,2478,0.35298000,32312.58735570,0
1767524580000,91531.29,91540.37000000,91508.14000000,91540.37,5.92809,1767524639999,542546.13674170,3041,2.53885000,232361.39314580,0
1767524640000,91540.37,91540.37000000,91507.77000000,91507.77,3.87125,1767524699999,354317.54105150,1139,0.46373000,42449.22411830,0
1767524700000,91507.78,91507.78000000,91439.01000000,91444.21,47.03877,1767524759999,4302234.64319850,4047,3.87195000,354107.44982350,0
1767524760000,91444.21,91444.22000000,91440.49000000,91440.5,5.21168,1767524819999,476570.45387770,809,1.78958000,163641.23913350,0
1767524820000,91440.5,91440.77000000,91440.50000000,91440.76,2.37399,1767524879999,217079.31167910,2592,1.46347000,133820.67091600,0
1767524880000,91440.76,91440.77000000,91405.37000000,91416.0,25.93025,1767524939999,2370455.92517870,1732,1.59352000,145664.82831460,0
1767524940000,91416.0,91420.00000000,91407.01000000,91407.05,1.84489,1767524999999,168652.99195530,831,0.65008000,59428.50059300,0
1767525000000,91407.05,91408.97000000,91401.02000000,91401.02,2.50106,1767525059999,228608.49579330,684,1.04793000,95786.18133130,0
1767525060000,91401.02,91401.03000000,91401.02000000,91401.03,1.06167,1767525119999,97037.72823010,163,0.73267000,66966.79265010,0
1767525120000,91401.02,91428.31000000,91401.02000000,91428.31,1.98449,1767525179999,181406.93998960,3245,1.82755000,167060.61284960,0
1767525180000,91428.3,91440.77000000,91428.30000000,91440.76,16.07877,1767525239999,1470208.92184570,850,14.97194000,1369001.30968890,0
1767525240000,91440.76,91450.00000000,91332.01000000,91360.1,28.64182,1767525299999,2617746.31224970,2095,2.31860000,211890.97584520,0
1767525300000,91360.09,91370.18000000,91344.01000000,91356.89,9.96872,1767525359999,910752.61445520,1462,2.17412000,198611.33604700,0
1767525360000,91356.88,91402.34000000,91344.06000000,91402.33,7.95882,1767525419999,727159.45869320,3202,5.59550000,511272.47262980,0
1767525420000,91402.33,91402.34000000,91376.96000000,91376.96,2.02473,1767525479999,185039.22663480,1074,0.31541000,28824.37282690,0
1767525480000,91376.97,91395.19000000,91376.96000000,91395.19,1.17965,1767525539999,107805.69255790,850,0.78278000,71535.47532900,0
1767525540000,91395.19,91395.19000000,91384.33000000,91384.34,1.51795,1767525599999,138730.91849830,898,0.44394000,40573.97999760,0
1767525600000,91384.34,91395.20000000,91369.97000000,91395.19,8.36293,1767525659999,764284.55467050,1232,1.60447000,146617.60409080,0
1767525660000,91395.18,91395.19000000,91382.85000000,91388.03,2.323,1767525719999,212300.12230290,890,0.40277000,36807.33128550,0
1767525720000,91388.03,91388.03000000,91388.02000000,91388.02,0.74762,1767525779999,68323.51246680,154,0.09544000,8722.07358320,0
1767525780000,91388.03,91388.03000000,91369.04000000,91369.05,4.38987,1767525839999,401139.37450640,822,0.72445000,66192.71617120,0
1767525840000,91369.05,91369.05000000,91369.04000000,91369.05,1.40988,1767525899999,128819.38415670,207,0.20415000,18652.99155750,0
1767525900000,91369.04,91369.05000000,91369.04000000,91369.05,0.62579,1767525959999,57177.83419430,205,0.26527000,24237.46789350,0
1767525960000,91369.04,91369.05000000,91361.05000000,91361.06,3.13549,1767526019999,286472.60822270,681,0.21356000,19511.26834920,0
1767526020000,91361.05,91361.06000000,91361.05000000,91361.06,0.50569,1767526079999,46200.37099270,207,0.16182000,14784.04672920,0
1767526080000,91361.05,91388.03000000,91361.05000000,91380.59,7.48895,1767526139999,684363.24800190,1384,1.45528000,132969.47453490,0
1767526140000,91380.59,91380.59000000,91380.58000000,91380.58,0.27223,1767526199999,24876.53684560,182,0.15522000,14184.09517980,0
1767526200000,91380.58,91395.20000000,91380.58000000,91395.19,1.54015,1767526259999,140743.51499400,807,1.29282000,118142.32940630,0
1767526260000,91395.2,91448.69000000,91395.19000000,91435.99,8.93747,1767526319999,817128.39168770,2694,5.38709000,492456.38074550,0
1767526320000,91436.0,91440.57000000,91432.00000000,91432.01,5.28813,1767526379999,483508.27278710,1143,4.56621000,417499.98720940,0
1767526380000,91432.0,91432.01000000,91420.00000000,91420.01,1.57086,1767526439999,143622.25664330,641,0.14039000,12834.63740390,0
1767526440000,91420.0,91420.00000000,91410.17000000,91410.17,2.20982,1767526499999,202004.87799150,629,0.47630000,43538.71265500,0
1767526500000,91410.18,91424.33000000,91400.00000000,91424.33,3.03028,1767526559999,276998.94608210,1279,1.86963000,170913.77518370,0
1767526560000,91424.33,91424.33000000,91388.00000000,91388.0,1.00943,1767526619999,92267.27242920,1354,0.17702000,16179.05253820,0
1767526620000,91388.01,91388.01000000,91388.00000000,91388.01,0.94618,1767526679999,86469.50619650,146,0.83565000,76368.39055650,0
1767526680000,91388.0,91388.01000000,91344.59000000,91344.6,2.31887,1767526739999,211878.23451010,1173,0.48355000,44185.78880890,0
1767526740000,91344.6,91344.60000000,91344.59000000,91344.59,2.062,1767526799999,188352.55078690,199,0.62069000,56696.67977400,0
1767526800000,91344.59,91359.62000000,91344.59000000,91359.61,2.888,1767526859999,263811.35448210,532,2.54059000,232075.75373840,0
1767526860000,91359.61,91374.50000000,91359.61000000,91374.49,1.20296,1767526919999,109909.21941100,1056,0.99695000,91085.24383710,0
1767526920000,91374.49,91374.50000000,91349.15000000,91357.16,22.42566,1767526979999,2048740.21115940,952,3.08189000,281530.40739540,0
1767526980000,91357.16,91380.60000000,91357.15000000,91380.59,8.54495,1767527039999,780800.70066300,952,3.26247000,298086.33655010,0
1767527040000,91380.6,91380.60000000,91380.59000000,91380.59,2.28518,1767527099999,208821.09804680,253,0.13906000,12707.38623600,0
1767527100000,91380.6,91380.60000000,91362.36000000,91362.37,1.33387,1767527159999,121872.33987670,944,0.20667000,18881.93521130,0
1767527160000,91362.37,91362.38000000,91362.36000000,91362.37,1.39528,1767527219999,127476.08823850,334,1.28104000,117038.85206210,0
1767527220000,91362.38,91371.50000000,91362.38000000,91368.75,4.42065,1767527279999,403919.47706770,910,0.55036000,50286.51864170,0
1767527280000,91368.74,91368.75000000,91368.74000000,91368.75,2.20062,1767527339999,201067.89533260,296,1.87138000,170985.65137500,0
1767527340000,91368.74,91368.75000000,91368.74000000,91368.74,0.89999,1767527399999,82230.95618870,227,0.38761000,35415.44118750,0
1767527400000,91368.75,91368.75000000,91353.14000000,91353.15,1.99442,1767527459999,182208.42359830,953,0.16941000,15476.49409620,0
1767527460000,91353.15,91353.15000000,91322.34000000,91322.35,8.58828,1767527519999,784413.76220050,1058,0.75660000,69114.82694730,0
1767527520000,91322.35,91322.35000000,91241.51000000,91253.53,37.66865,1767527579999,3438168.73181150,4858,5.26928000,480862.03059390,0
1767527580000,91253.52,91276.00000000,91240.01000000,91244.61,7.76388,1767527639999,708487.61679410,2410,2.91736000,266215.58808260,0
1767527640000,91244.62,91285.38000000,91244.61000000,91245.99,7.41995,1767527699999,677190.43177180,2246,3.50400000,319790.95169380,0
1767527700000,91245.98,91245.99000000,91244.99000000,91245.0,0.94925,1767527759999,86614.69788600,547,0.14078000,12845.56575060,0
1767527760000,91245.0,91248.50000000,91236.19000000,91248.5,7.49555,1767527819999,683896.37066410,1432,0.99776000,91036.89248300,0
1767527820000,91248.5,91272.14000000,91248.50000000,91272.13,4.03159,1767527879999,367948.91693240,1096,3.86340000,352598.78659970,0
1767527880000,91272.13,91311.30000000,91272.13000000,91296.0,11.27203,1767527939999,1029079.97819030,1425,9.93692000,907190.34606670,0
1767527940000,91296.01,91308.00000000,91296.00000000,91300.0,2.32374,1767527999999,212160.44769670,821,1.71134000,156244.43576820,0
1767528000000,91300.01,91315.66000000,91281.25000000,91281.26,9.32378,1767528059999,851289.97105010,2013,7.95822000,726617.94155010,0
1767528060000,91281.25,91320.00000000,91281.25000000,91313.01,2.04811,1767528119999,186975.31844430,2104,1.63728000,149466.74346510,0
1767528120000,91313.0,91313.00000000,91296.25000000,91296.26,1.02291,1767528179999,93396.64386630,725,0.14637000,13364.59909670,0
1767528180000,91296.25,91317.22000000,91296.25000000,91317.22,3.63761,1767528239999,332163.04652360,1122,1.13282000,103435.40643220,0
1767528240000,91317.21,91331.46000000,91317.21000000,91331.45,3.64157,1767528299999,332568.20213320,684,1.72010000,157089.35996350,0
1767528300000,91331.46,91331.46000000,91299.44000000,91299.45,5.64354,1767528359999,515373.05345710,1252,0.14973000,13671.91372580,0
1767528360000,91299.44,91299.45000000,91296.25000000,91296.26,1.85004,1767528419999,168901.88399330,335,0.17204000,15706.60888940,0
1767528420000,91296.25,91296.26000000,91215.97000000,91215.98,29.16884,1767528479999,2661379.71778390,1821,10.12726000,923806.06861220,0
1767528480000,91215.97,91215.98000000,91201.12000000,91214.99,23.69025,1767528539999,2160836.32716130,2604,1.39117000,126886.56036560,0
1767528540000,91215.0,91240.00000000,91214.99000000,91239.99,13.30254,1767528599999,1213534.04258350,1249,9.07935000,828262.64957540,0
1767528600000,91239.99,91251.08000000,91220.18000000,91251.08,4.19285,1767528659999,382523.60305670,2359,3.12389000,285004.95784030,0
1767528660000,91251.07,91251.08000000,91243.00000000,91243.0,6.74466,1767528719999,615451.66275140,531,2.18998000,199837.85040710,0
1767528720000,91243.0,91255.64000000,91243.00000000,91255.64,1.83609,1767528779999,167532.75187680,1191,1.25992000,114961.03533060,0
1767528780000,91255.64,91255.64000000,91255.62000000,91255.62,4.38562,1767528839999,400212.52761360,245,1.18619000,108246.52740540,0
1767528840000,91255.63,91255.63000000,91255.62000000,91255.62,6.04646,1767528899999,551773.51075880,372,5.46536000,498744.86997680,0
1767528900000,91255.62,91255.63000000,91245.25000000,91245.26,12.20923,1767528959999,1114121.57310270,562,7.25553000,662106.46868350,0
1767528960000,91245.26,91245.26000000,91229.81000000,91229.82,3.14851,1767529019999,287272.29575250,347,0.17773000,16216.21208460,0
1767529020000,91229.81,91255.62000000,91229.81000000,91255.62,3.35467,1767529079999,306100.07348040,1597,3.18290000,290426.55341870,0
1767529080000,91255.61,91255.62000000,91255.61000000,91255.61,0.38254,1767529139999,34908.92229960,194,0.12502000,11408.77761240,0
1767529140000,91255.61,91255.62000000,91243.50000000,91243.73,5.38979,1767529199999,491830.31669170,1096,1.55309000,141715.51370360,0
1767529200000,91243.73,91290.15000000,91243.73000000,91290.15,8.65219,1767529259999,789632.24295820,3444,8.51839000,777419.53591800,0
1767529260000,91290.15,91290.15000000,91260.01000000,91260.05,10.63015,1767529319999,970183.45100110,1959,2.17685000,198673.20557680,0
1767529320000,91260.05,91260.05000000,91244.34000000,91244.34,2.1058,1767529379999,192172.39610250,740,0.72929000,66554.01000250,0
1767529380000,91244.35,91284.00000000,91240.00000000,91284.0,3.05521,1767529439999,278820.24553100,3060,2.39243000,218340.41527110,0
1767529440000,91283.99,91294.14000000,91282.47000000,91294.14,2.02191,1767529499999,184568.23399810,1134,1.16386000,106242.44786450,0
1767529500000,91294.14,91318.00000000,91294.13000000,91312.46,5.41743,1767529559999,494643.52615010,2177,4.52696000,413336.68634780,0
1767529560000,91312.46,91341.13000000,91312.45000000,91341.12,5.18485,1767529619999,473555.19899050,1765,4.17197000,381041.16275140,0
1767529620000,91341.12,91341.13000000,91341.12000000,91341.13,1.31162,1767529679999,119804.84705380,339,0.72394000,66125.49765220,0
1767529680000,91341.13,91341.13000000,91341.12000000,91341.12,0.98543,1767529739999,90010.28265870,180,0.27771000,25366.34521230,0
1767529740000,91341.13,91341.13000000,91341.12000000,91341.13,0.28028,1767529799999,25601.09044490,161,0.13313000,12160.24463690,0
1767529800000,91341.12,91341.13000000,91289.36000000,91289.37,8.51881,1767529859999,777853.69886020,1448,1.25288000,114387.24518640,0
1767529860000,91289.37,91322.00000000,91289.36000000,91321.99,3.29859,1767529919999,301192.75027450,1759,2.70153000,246668.28382350,0
1767529920000,91322.0,91360.00000000,91322.00000000,91343.75,10.09934,1767529979999,922463.88659370,3817,1.28722000,117573.35479010,0
1767529980000,91343.75,91356.00000000,91306.58000000,91306.58,6.07895,1767530039999,555260.95755350,2555,2.27824000,208116.10562500,0
1767530040000,91306.58,91306.59000000,91225.00000000,91235.9,8.76068,1767530099999,799346.68985820,3747,5.62823000,513491.88566320,0
1767530100000,91235.89,91235.90000000,91182.71000000,91182.71,19.93643,1767530159999,1818310.29597040,2107,1.71260000,156217.35980070,0
1767530160000,91182.72,91210.05000000,91182.71000000,91193.6,9.82922,1767530219999,896435.81363640,2513,3.79043000,345688.45529350,0
1767530220000,91193.6,91228.00000000,91193.59000000,91200.01,2.59037,1767530279999,236260.56750190,2401,1.48667000,135593.45201250,0
1767530280000,91200.01,91228.00000000,91200.00000000,91204.57,3.6943,1767530339999,336940.81648810,1804,2.15591000,196630.18922950,0
1767530340000,91204.57,91207.27000000,91204.56000000,91207.27,1.4951,1767530399999,136363.35455890,468,1.43222000,130628.25052810,0
1767530400000,91207.27,91207.27000000,91207.26000000,91207.26,1.20656,1767530459999,110047.03395780,230,0.23322000,21271.35950940,0
1767530460000,91207.27,91207.27000000,91164.24000000,91164.24,13.39058,1767530519999,1221210.36574630,1609,2.11383000,192758.11174740,0
1767530520000,91164.25,91164.25000000,91133.20000000,91145.28,16.07626,1767530579999,1465266.00953050,1950,1.51798000,138352.30508050,0
1767530580000,91145.27,91161.54000000,91133.20000000,91140.01,31.83387,1767530639999,2901441.61021670,1630,20.42859000,1861859.12559550,0
1767530640000,91140.0,91149.19000000,91096.27000000,91096.28,9.07987,1767530699999,827462.72563180,2837,0.82334000,75034.07379910,0
1767530700000,91096.28,91133.22000000,91084.00000000,91133.21,10.86149,1767530759999,989555.28155160,2459,7.71157000,702599.30997600,0
1767530760000,91133.22,91151.63000000,91122.38000000,91142.39,5.42831,1767530819999,494745.78401630,2063,1.75074000,159556.21176480,0
1767530820000,91142.4,91160.00000000,91142.39000000,91160.0,1.35683,1767530879999,123675.08077280,943,0.69169000,63044.70119310,0
1767530880000,91160.0,91160.00000000,91142.98000000,91156.93,12.1197,1767530939999,1104677.17659920,1822,10.02486000,913716.40011900,0
1767530940000,91156.94,91159.99000000,91152.11000000,91159.98,2.8187,1767530999999,256932.68317230,1121,2.42703000,221230.63732060,0
1767531000000,91159.99,91159.99000000,91159.98000000,91159.99,4.42065,1767531059999,402986.40832300,287,4.27360000,389581.33326400,0
1767531060000,91159.99,91159.99000000,91128.08000000,91128.08,6.15184,1767531119999,560734.94204610,1619,2.22760000,203029.39369130,0
1767531120000,91128.09,91157.55000000,91128.08000000,91157.46,27.94853,1767531179999,2547504.99581950,2426,27.26119000,2484852.62957890,0
1767531180000,91157.46,91170.18000000,91157.46000000,91162.93,29.68598,1767531239999,2706231.79813630,1606,20.21877000,1843145.46326560,0
1767531240000,91162.92,91180.00000000,91162.92000000,91180.0,1.38249,1767531299999,126039.98128290,1381,0.94804000,86429.20639140,0
1767531300000,91179.99,91180.00000000,91152.07000000,91152.08,1.96842,1767531359999,179448.94848950,1950,0.34678000,31609.81774580,0
1767531360000,91152.07,91152.08000000,91152.07000000,91152.07,1.59158,1767531419999,145075.81535550,261,0.37849000,34500.15075920,0
1767531420000,91152.08,91152.08000000,91152.07000000,91152.07,0.86084,1767531479999,78467.34997380,214,0.20350000,18549.44828000,0
1767531480000,91152.07,91177.88000000,91132.02000000,91140.72,13.0023,1767531539999,1185299.40663800,1774,4.12147000,375702.95412770,0
1767531540000,91140.72,91158.00000000,91140.71000000,91150.98,8.41751,1767531599999,767255.53205210,752,4.87372000,444213.87155680,0
1767531600000,91150.99,91150.99000000,91119.04000000,91119.04,3.80205,1767531659999,346492.57641970,1744,0.79339000,72303.92121410,0
1767531660000,91119.05,91119.05000000,91110.00000000,91110.0,1.69849,1767531719999,154750.92510130,637,0.49626000,45214.62001660,0
1767531720000,91110.0,91141.89000000,91110.00000000,91120.99,8.68482,1767531779999,791338.86383420,1899,6.60477000,601787.35811860,0
1767531780000,91120.98,91140.16000000,91120.98000000,91140.16,6.43638,1767531839999,586600.72015080,1506,5.98524000,545488.61530880,0
1767531840000,91140.17,91180.00000000,91140.17000000,91179.99,7.4903,1767531899999,682789.27538980,1862,6.48947000,591552.81334320,0
1767531900000,91179.99,91180.00000000,91151.06000000,91156.64,13.28931,1767531959999,1211531.88534130,1574,9.59067000,874343.86759110,0
1767531960000,91156.64,91196.82000000,91156.63000000,91196.82,4.79486,1767532019999,437173.60677740,1622,3.63904000,331782.81507160,0
1767532020000,91196.82,91218.00000000,91196.81000000,91218.0,5.08996,1767532079999,464218.88988050,1039,4.28333000,390653.85208110,0
1767532080000,91218.0,91218.00000000,91203.02000000,91203.02,1.83742,1767532139999,167599.20655160,648,0.19690000,17959.08348840,0
1767532140000,91203.03,91219.54000000,91197.51000000,91197.51,11.30554,1767532199999,1031104.66461860,2008,8.70853000,794222.43837910,0
1767532200000,91197.51,91197.52000000,91197.51000000,91197.51,0.96245,1767532259999,87773.04771100,260,0.42115000,38407.83554800,0
1767532260000,91197.52,91197.52000000,91197.51000000,91197.51,1.09417,1767532319999,99785.58733550,296,0.78188000,71305.51693760,0
1767532320000,91197.51,91207.79000000,91197.51000000,91207.78,4.84991,1767532379999,442325.67407060,1023,2.83812000,258835.69266270,0
1767532380000,91207.78,91207.79000000,91207.78000000,91207.78,1.02545,1767532439999,93529.02249320,249,0.44922000,40972.36342380,0
1767532440000,91207.78,91207.79000000,91188.40000000,91188.41,2.49293,1767532499999,227357.45817630,649,0.16054000,14640.18302780,0
1767532500000,91188.41,91188.41000000,91165.94000000,91165.95,1.90389,1767532559999,173598.86487140,1286,0.35575000,32438.30961970,0
1767532560000,91165.94,91165.95000000,91154.00000000,91154.01,1.64537,1767532619999,149991.34405330,816,0.21789000,19862.56876080,0
1767532620000,91154.0,91154.00000000,91116.13000000,91117.93,3.68809,1767532679999,336120.88487270,1533,0.16189000,14752.84998210,0
1767532680000,91117.92,91117.93000000,91014.10000000,91024.87,17.0704,1767532739999,1554516.71234020,5425,4.18750000,381294.28058690,0
1767532740000,91024.86,91080.07000000,91024.86000000,91063.03,14.32172,1767532799999,1304270.78069850,2473,9.03118000,822505.88636150,0
1767532800000,91063.02,91063.03000000,91041.17000000,91063.02,7.62247,1767532859999,694085.55585520,1558,1.75561000,159859.46176570,0
1767532860000,91063.02,91079.71000000,91034.00000000,91079.71,7.4668,1767532919999,679937.64565640,3313,2.59113000,235959.10853630,0
1767532920000,91079.7,91135.64000000,91079.70000000,91135.64,6.0912,1767532979999,554976.24748960,2983,5.00506000,456015.81373450,0
1767532980000,91135.64,91152.20000000,91135.64000000,91145.35,6.95807,1767533039999,634197.70205920,1010,3.99851000,364439.95468490,0
1767533040000,91145.36,91176.50000000,91145.35000000,91176.49,6.29683,1767533099999,574044.17053720,2432,5.69096000,518808.10970370,0
1767533100000,91176.5,91182.72000000,91176.49000000,91176.51,4.55123,1767533159999,414971.87338850,959,2.27391000,207330.21361650,0
1767533160000,91176.5,91204.33000000,91176.50000000,91204.33,5.7332,1767533219999,522761.95697090,1734,2.86306000,261061.92635540,0
1767533220000,91204.33,91204.33000000,91176.54000000,91176.54,7.9238,1767533279999,722566.83527420,1170,1.88656000,172038.04387080,0
1767533280000,91176.54,91191.16000000,91176.54000000,91191.16,4.98847,1767533339999,454841.90597770,1288,4.14499000,377932.20518990,0
1767533340000,91191.16,91191.17000000,91191.15000000,91191.16,0.84911,1767533399999,77431.32752870,425,0.58128000,53007.60099210,0
1767533400000,91191.16,91211.85000000,91191.16000000,91194.01,19.11157,1767533459999,1742970.32243300,1242,18.16579000,1656717.24275740,0
1767533460000,91194.0,91194.01000000,91180.00000000,91180.0,5.08401,1767533519999,463622.20048520,1004,2.06156000,187999.34231160,0
1767533520000,91180.0,91204.00000000,91163.28000000,91204.0,8.01475,1767533579999,730800.92286590,1949,4.89192000,446059.48306610,0
1767533580000,91204.0,91226.00000000,91204.00000000,91225.99,1.70393,1767533639999,155422.09733200,1393,1.32167000,120555.09526430,0
1767533640000,91226.0,91266.06000000,91225.99000000,91254.69,9.43172,1767533699999,860564.52089910,2882,8.38803000,765332.15172790,0
1767533700000,91254.69,91254.69000000,91226.00000000,91226.0,5.21798,1767533759999,476078.16855830,1386,0.91415000,83412.54504450,0
1767533760000,91226.0,91233.75000000,91222.10000000,91233.74,4.41772,1767533819999,403011.98624240,1178,4.19427000,382627.60924510,0
1767533820000,91233.74,91233.75000000,91212.16000000,91212.17,1.23383,1767533879999,112555.98315690,1136,0.28635000,26121.32991350,0
1767533880000,91212.16,91233.62000000,91212.16000000,91219.26,2.20872,1767533939999,201480.13777670,1148,1.74286000,158982.15702420,0
1767533940000,91219.26,91219.27000000,91200.00000000,91200.0,3.68134,1767533999999,335780.39130310,815,1.43438000,130833.13640360,0
1767534000000,91200.0,91233.75000000,91200.00000000,91233.75,4.50503,1767534059999,410910.19853120,1360,4.13717000,377355.51714030,0
1767534060000,91233.74,91233.75000000,91224.00000000,91224.0,3.54464,1767534119999,323383.06192410,400,0.31049000,28324.28458190,0
1767534120000,91224.01,91224.01000000,91224.00000000,91224.01,1.99177,1767534179999,181697.24122720,323,1.47472000,134529.87202720,0
1767534180000,91224.01,91224.01000000,91224.00000000,91224.0,1.82317,1767534239999,166316.87337710,341,1.32971000,121301.47833710,0
1767534240000,91224.01,91224.01000000,91224.00000000,91224.01,1.07506,1767534299999,98071.28199410,195,0.85541000,78033.93039410,0
1767534300000,91224.0,91233.75000000,91224.00000000,91233.74,2.69966,1767534359999,246286.52220840,614,2.10956000,192451.82019180,0
1767534360000,91233.74,91245.61000000,91233.74000000,91243.47,2.72981,1767534419999,249056.44354480,673,2.28170000,208170.17834760,0
1767534420000,91243.46,91252.97000000,91243.46000000,91252.97,1.63718,1767534479999,149387.47828280,1139,1.54692000,141151.68404720,0
1767534480000,91253.25,91260.00000000,91253.24000000,91259.99,1.57994,1767534539999,144185.15602110,627,0.71141000,64923.12780390,0
1767534540000,91259.99,91259.99000000,91245.00000000,91245.0,1.916,1767534599999,174834.54513930,991,0.22971000,20960.44719280,0
1767534600000,91245.01,91245.01000000,91234.00000000,91234.0,1.5661,1767534659999,142883.52494520,754,0.60257000,54974.91062570,0
1767534660000,91234.01,91234.01000000,91234.00000000,91234.0,1.55751,1767534719999,142097.87676870,331,0.94287000,86021.81100870,0
1767534720000,91234.01,91234.01000000,91234.00000000,91234.01,2.31379,1767534779999,211096.33176300,412,1.49030000,135966.04510300,0
1767534780000,91234.0,91259.99000000,91234.00000000,91259.99,2.35356,1767534839999,214751.60806690,1847,2.07132000,188998.98788710,0
1767534840000,91259.99,91265.41000000,91259.98000000,91265.4,1.51639,1767534899999,138389.09962760,804,1.35934000,124055.99513700,0
1767534900000,91265.4,91276.94000000,91259.99000000,91260.0,2.81972,1767534959999,257342.49593590,1074,1.47100000,134247.59699180,0
1767534960000,91259.99,91260.00000000,91259.99000000,91259.99,0.8066,1767535019999,73610.30960920,228,0.16752000,15287.87520000,0
1767535020000,91260.0,91276.94000000,91259.99000000,91276.94,1.50306,1767535079999,137173.85011750,796,1.19300000,108874.97353990,0
1767535080000,91276.94,91276.94000000,91276.93000000,91276.94,0.65326,1767535139999,59627.56944970,188,0.21579000,19696.65088260,0
1767535140000,91276.94,91276.94000000,91264.00000000,91264.0,2.02671,1767535199999,184980.44199690,632,0.27437000,25040.15890070,0
1767535200000,91264.0,91264.01000000,91264.00000000,91264.0,1.64527,1767535259999,150153.93321810,477,1.19381000,108951.88777810,0
1767535260000,91264.01,91276.94000000,91264.00000000,91276.93,4.80144,1767535319999,438247.23144460,807,4.35068000,397107.67313950,0
1767535320000,91276.94,91303.79000000,91276.93000000,91288.17,3.91037,1767535379999,356983.99912530,1518,3.08104000,281267.48942060,0
1767535380000,91288.17,91304.94000000,91270.75000000,91304.93,6.80459,1767535439999,621108.45480950,1847,5.34920000,488253.41422500,0
1767535440000,91304.93,91304.94000000,91264.01000000,91264.01,8.32092,1767535499999,759586.08863380,1480,3.70842000,338525.17449940,0
1767535500000,91264.02,91264.02000000,91264.01000000,91264.01,0.65978,1767535559999,60214.17043680,195,0.19190000,17513.56543800,0
1767535560000,91264.02,91264.02000000,91264.01000000,91264.02,5.58875,1767535619999,510051.75291030,336,1.70228000,155356.91596560,0
1767535620000,91264.01,91328.58000000,91264.01000000,91328.58,6.34292,1767535679999,579052.26269300,2896,5.90406000,538976.29226490,0
1767535680000,91328.58,91332.00000000,91310.92000000,91310.93,2.72515,1767535739999,248872.98905850,1103,0.47982000,43817.98503780,0
1767535740000,91310.93,91346.16000000,91310.92000000,91346.16,2.25787,1767535799999,206200.83707990,1566,1.65503000,151140.58726360,0
1767535800000,91346.15,91382.74000000,91346.15000000,91382.73,3.88296,1767535859999,354801.29867920,1728,3.33143000,304401.32629780,0
1767535860000,91382.74,91401.84000000,91382.73000000,91401.84,2.53364,1767535919999,231552.46241260,1210,1.82124000,166447.45053940,0
1767535920000,91401.83,91401.83000000,91372.84000000,91388.03,3.58347,1767535979999,327475.83330680,1909,2.15983000,197378.52928130,0
1767535980000,91388.03,91419.22000000,91388.02000000,91419.22,3.63041,1767536039999,331803.24664170,1512,3.11373000,284570.98496860,0
1767536040000,91419.21,91419.22000000,91398.05000000,91398.06,5.34448,1767536099999,488533.22856170,1107,3.51199000,321034.98995620,0
1767536100000,91398.05,91402.71000000,91389.01000000,91389.02,2.51566,1767536159999,229923.93910960,857,1.73862000,158903.99344860,0
1767536160000,91389.01,91389.02000000,91336.19000000,91336.19,5.10062,1767536219999,465966.00767740,2264,0.36336000,33201.34519340,0
1767536220000,91336.19,91341.93000000,91304.94000000,91304.95,4.23219,1767536279999,386513.01549460,1768,0.57137000,52184.72954670,0
1767536280000,91304.94,91312.39000000,91304.94000000,91304.94,1.71776,1767536339999,156846.16069980,674,1.21762000,111180.12789450,0
1767536340000,91304.94,91304.95000000,91275.92000000,91285.36,12.10775,1767536399999,1105462.85455030,1305,0.51824000,47308.21054320,0
1767536400000,91285.36,91300.00000000,91285.36000000,91296.32,2.18553,1767536459999,199510.93743200,900,1.71130000,156219.30665300,0
1767536460000,91296.32,91296.32000000,91280.00000000,91289.93,3.90883,1767536519999,356808.56306530,921,2.74479000,250549.47417160,0
1767536520000,91289.93,91289.94000000,91285.37000000,91285.37,2.36734,1767536579999,216111.88361090,378,0.18280000,16687.33080480,0
1767536580000,91285.37,91285.38000000,91266.89000000,91266.89,3.20256,1767536639999,292334.11083920,675,1.25131000,114222.91060470,0
1767536640000,91266.9,91266.90000000,91266.89000000,91266.89,1.68079,1767536699999,153400.49032320,257,1.42801000,130330.04586900,0
1767536700000,91266.89,91266.89000000,91229.21000000,91229.21,5.88136,1767536759999,536674.82088990,1316,1.01964000,93036.28973960,0
1767536760000,91229.21,91249.52000000,91210.90000000,91249.51,7.26273,1767536819999,662560.24493370,2785,4.38316000,399873.76267420,0
1767536820000,91249.51,91255.62000000,91244.95000000,91255.61,2.73026,1767536879999,249133.66152090,842,1.62566000,148338.82487010,0
1767536880000,91255.62,91255.62000000,91242.76000000,91242.76,1.92978,1767536939999,176091.10631880,602,0.97445000,88917.75410250,0
1767536940000,91242.76,91242.77000000,91241.28000000,91241.29,4.28539,1767536999999,391009.56452130,412,0.97507000,88967.39399390,0
1767537000000,91241.28,91241.35000000,91241.28000000,91241.34,1.7552,1767537059999,160146.73015440,469,1.47601000,134673.07653240,0
1767537060000,91241.35,91241.36000000,91241.34000000,91241.35,2.15983,1767537119999,197065.80803340,395,1.24966000,114020.67047850,0
1767537120000,91241.36,91249.81000000,91210.90000000,91210.9,12.71855,1767537179999,1160233.84202220,2038,8.01041000,730701.51603970,0
1767537180000,91210.9,91210.90000000,91151.00000000,91151.0,9.40896,1767537239999,857932.64045990,2255,1.18953000,108452.37380640,0
1767537240000,91151.01,91165.71000000,91151.00000000,91151.0,13.59687,1767537299999,1239503.11262220,1222,1.28485000,117124.05437740,0
1767537300000,91151.0,91195.49000000,91151.00000000,91172.62,3.69003,1767537359999,336421.17341660,1908,3.25284000,296558.05646850,0
1767537360000,91172.61,91181.73000000,91152.65000000,91160.75,8.3796,1767537419999,763845.50723830,1360,1.95975000,178648.55679680,0
1767537420000,91160.75,91209.09000000,91160.74000000,91175.53,4.13152,1767537479999,376743.50773830,2593,2.94422000,268468.93127760,0
1767537480000,91175.51,91193.70000000,91175.50000000,91189.04,2.34318,1767537539999,213657.00274300,962,1.82609000,166507.18032540,0
1767537540000,91189.04,91195.06000000,91178.64000000,91178.65,3.77019,1767537599999,343772.28550040,739,1.99908000,182279.56742080,0
1767537600000,91178.65,91199.52000000,91178.64000000,91180.0,5.30997,1767537659999,484216.51210320,1213,3.14106000,286422.05992190,0
1767537660000,91180.01,91195.56000000,91172.71000000,91195.56,4.2582,1767537719999,388265.50185920,1284,3.29313000,300270.18833630,0
1767537720000,91195.56,91203.84000000,91195.55000000,91198.29,5.54325,1767537779999,505556.82136720,1031,1.63230000,148864.74142500,0
1767537780000,91198.29,91198.29000000,91198.28000000,91198.29,1.45899,1767537839999,133057.39062720,316,1.20900000,110258.73261000,0
1767537840000,91198.28,91204.33000000,91198.28000000,91204.33,4.22401,1767537899999,385228.38872730,654,3.64315000,332252.58697890,0
1767537900000,91204.32,91204.33000000,91182.71000000,91182.71,3.00522,1767537959999,274041.02596100,976,1.10672000,100918.86255450,0
1767537960000,91182.72,91182.72000000,91146.86000000,91177.04,14.80741,1767538019999,1349982.06946650,2345,3.36117000,306401.67652070,0
1767538020000,91177.04,91240.00000000,91177.03000000,91240.0,5.2239,1767538079999,476429.03850960,2712,4.21233000,384178.31920050,0
1767538080000,91239.99,91249.12000000,91239.99000000,91249.12,1.80809,1767538139999,164980.78054080,672,1.49839000,136721.39054820,0
1767538140000,91249.11,91249.12000000,91241.16000000,91241.17,1.45691,1767538199999,132932.05163890,317,1.06535000,97203.78594500,0
1767538200000,91241.16,91329.04000000,91241.16000000,91329.04,9.17834,1767538259999,837718.46636980,4349,8.47904000,773881.05927330,0
1767538260000,91329.04,91329.04000000,91282.20000000,91282.21,6.80426,1767538319999,621325.31211070,1533,1.52020000,138788.50340820,0
1767538320000,91282.2,91311.87000000,91282.20000000,91291.24,3.49048,1767538379999,318684.01857530,1866,2.17762000,198813.73976860,0
1767538380000,91291.25,91317.45000000,91291.24000000,91304.38,4.13286,1767538439999,377335.24699220,1140,3.08333000,281513.37696260,0
1767538440000,91304.37,91348.00000000,91304.37000000,91347.99,3.69797,1767538499999,337737.80078630,1949,2.91921000,266614.37999670,0
1767538500000,91348.0,91348.00000000,91329.36000000,91348.0,4.13236,1767538559999,377458.11273170,784,1.41372000,129125.12453340,0
1767538560000,91347.99,91348.00000000,91347.99000000,91348.0,1.13992,1767538619999,104129.41059090,260,0.98301000,89795.99748000,0
1767538620000,91347.99,91348.00000000,91335.19000000,91335.21,2.85376,1767538679999,260656.87667890,641,1.11431000,101778.08506800,0
1767538680000,91335.21,91335.21000000,91314.42000000,91314.42,2.16164,1767538739999,197401.01177000,673,1.00290000,91582.02682420,0
1767538740000,91314.43,91336.40000000,91314.42000000,91336.39,2.29749,1767538799999,209816.50423500,1166,1.87757000,171468.27376630,0
1767538800000,91336.39,91336.40000000,91318.59000000,91318.6,3.534,1767538859999,322765.48855870,859,1.73743000,158678.66531320,0
1767538860000,91318.59,91381.60000000,91318.59000000,91375.88,4.3964,1767538919999,401623.16972480,2514,3.84663000,351390.21297610,0
1767538920000,91375.87,91375.88000000,91340.04000000,91340.05,2.58716,1767538979999,236355.37639850,1683,1.63348000,149228.41913670,0
1767538980000,91340.04,91340.05000000,91326.67000000,91329.55,12.64163,1767539039999,1154659.20068760,741,1.31385000,119999.05837590,0
1767539040000,91329.55,91329.56000000,91295.78000000,91295.79,6.78704,1767539099999,619777.39446120,1295,1.31427000,120012.19262530,0
1767539100000,91295.79,91314.22000000,91290.00000000,91290.01,4.58166,1767539159999,418309.57400500,1542,3.40895000,311236.60053490,0
1767539160000,91290.0,91330.50000000,91290.00000000,91329.5,8.74457,1767539219999,798597.09526190,1521,2.71145000,247595.43882350,0
1767539220000,91329.5,91329.50000000,91329.49000000,91329.49,1.70397,1767539279999,155622.72572410,289,1.46488000,133786.75796000,0
1767539280000,91329.5,91337.58000000,91329.49000000,91337.58,1.18203,1767539339999,107958.33724580,473,1.07206000,97914.26735290,0
1767539340000,91337.57,91337.58000000,91327.21000000,91327.21,2.40325,1767539399999,219494.58384670,829,1.50660000,137602.38032870,0
1767539400000,91327.22,91339.04000000,91327.21000000,91339.03,4.49516,1767539459999,410578.06094360,828,1.77951000,162534.12814710,0
1767539460000,91339.02,91339.03000000,91313.75000000,91313.75,4.42365,1767539519999,403983.26040160,770,1.60079000,146183.48634780,0
1767539520000,91313.76,91336.00000000,91313.75000000,91313.75,4.45883,1767539579999,407210.17315680,1762,2.58148000,235748.88866260,0
1767539580000,91313.76,91313.76000000,91313.75000000,91313.76,5.8598,1767539639999,535080.32240970,286,1.01597000,92772.04074720,0
1767539640000,91313.75,91313.76000000,91313.75000000,91313.76,1.28735,1767539699999,117552.76643740,380,1.03749000,94737.11286240,0
1767539700000,91313.75,91313.76000000,91284.41000000,91284.42,2.69649,1767539759999,246172.61762030,964,1.29515000,118235.49267540,0
1767539760000,91284.42,91294.89000000,91273.06000000,91294.88,6.64037,1767539819999,606103.68498470,1214,5.56255000,507720.35619460,0
1767539820000,91294.88,91294.89000000,91294.88000000,91294.89,4.42438,1767539879999,403923.27332510,240,3.21507000,293519.46199230,0
1767539880000,91294.88,91294.89000000,91267.72000000,91267.72,12.09195,1767539939999,1103802.57427800,1012,1.03621000,94580.66547670,0
1767539940000,91267.72,91292.06000000,91267.72000000,91292.05,7.39003,1767539999999,674604.28205680,954,1.97938000,180669.50720200,0
1767540000000,91292.05,91298.82000000,91271.17000000,91298.81,8.89174,1767540059999,811671.72126450,1569,7.86911000,718318.72084300,0
1767540060000,91298.82,91300.00000000,91298.81000000,91300.0,1.57742,1767540119999,144018.37545020,343,1.19758000,109338.99324300,0
1767540120000,91299.99,91300.00000000,91274.48000000,91277.94,10.30082,1767540179999,940310.88136910,945,1.03303000,94298.16603760,0
1767540180000,91277.94,91277.95000000,91267.72000000,91267.72,2.66895,1767540239999,243613.11113370,731,1.26744000,115686.77438000,0
1767540240000,91267.73,91267.73000000,91244.66000000,91244.66,3.36543,1767540299999,307111.09752120,1304,1.06501000,97185.55228180,0
1767540300000,91244.67,91244.67000000,91224.00000000,91232.53,2.99765,1767540359999,273481.47239470,1349,1.83434000,167347.87862940,0
1767540360000,91232.53,91232.53000000,91232.52000000,91232.53,5.42761,1767540419999,495174.55554600,344,1.76688000,161196.93260640,0
1767540420000,91232.53,91237.12000000,91232.53000000,91237.11,3.43475,1767540479999,313375.59996350,581,1.39641000,127403.46251570,0
1767540480000,91237.11,91237.12000000,91233.32000000,91233.33,8.37458,1767540539999,764070.23748830,564,1.22874000,112105.84649310,0
1767540540000,91233.32,91233.33000000,91233.31000000,91233.33,5.6242,1767540599999,513114.41656960,526,1.32042000,120466.30047900,0
1767540600000,91233.32,91244.42000000,91233.32000000,91239.35,6.12706,1767540659999,559036.24640750,997,2.41322000,220178.26186360,0
1767540660000,91239.35,91239.36000000,91239.35000000,91239.36,3.0265,1767540719999,276135.90908610,241,1.63111000,148821.43248960,0
1767540720000,91239.35,91248.98000000,91236.00000000,91248.98,4.28936,1767540779999,391356.37069400,986,3.45244000,314998.61418470,0
1767540780000,91248.97,91290.00000000,91248.97000000,91289.99,2.86809,1767540839999,261781.34586520,1992,2.28886000,208911.23777960,0
1767540840000,91290.0,91290.00000000,91271.91000000,91271.92,6.79809,1767540899999,620567.19421920,1272,0.92198000,84155.91605500,0
1767540900000,91271.92,91281.80000000,91267.00000000,91272.01,4.45231,1767540959999,406385.25052290,1374,1.98162000,180872.03139720,0
1767540960000,91272.02,91272.02000000,91236.01000000,91244.63,4.42026,1767541019999,403366.76579070,1357,2.62344000,239389.07820590,0
1767541020000,91244.63,91244.64000000,91204.32000000,91204.32,4.22921,1767541079999,385845.48557810,1154,1.98830000,181404.49378940,0
1767541080000,91204.32,91216.28000000,91172.15000000,91190.58,8.87903,1767541139999,809781.49896720,2483,3.19098000,291030.39774270,0
1767541140000,91190.57,91225.18000000,91190.57000000,91225.17,6.39014,1767541199999,582806.67334800,1440,2.51152000,229069.68543390,0
1767541200000,91225.18,91244.70000000,91225.17000000,91244.69,3.782,1767541259999,345059.40631160,1517,2.30790000,210564.45299310,0
1767541260000,91244.69,91244.70000000,91244.69000000,91244.7,2.44716,1767541319999,223290.37325010,286,1.76697000,161226.64755900,0
1767541320000,91244.7,91244.70000000,91244.69000000,91244.7,2.51429,1767541379999,229415.62499120,299,1.33711000,122004.20081700,0
1767541380000,91244.7,91244.70000000,91206.45000000,91206.45,3.41583,1767541439999,311618.36289510,1602,1.54645000,141080.62746690,0
1767541440000,91206.45,91206.78000000,91206.45000000,91206.77,10.78581,1767541499999,983736.09607960,574,9.99951000,912020.32218860,0
1767541500000,91206.77,91210.64000000,91096.27000000,91116.62,18.44304,1767541559999,1681004.42045880,4782,3.92529000,357810.22073300,0
1767541560000,91116.62,91169.36000000,91116.61000000,91144.06,8.40059,1767541619999,765695.21116180,3945,5.66825000,516634.55848280,0
1767541620000,91144.05,91166.00000000,91134.58000000,91144.0,5.97788,1767541679999,544870.35805830,2254,4.63435000,422407.74264640,0
1767541680000,91144.01,91175.91000000,91144.00000000,91175.91,3.88783,1767541739999,354432.89194950,2250,2.91986000,266180.47221020,0
1767541740000,91175.9,91226.01000000,91175.90000000,91226.0,6.28362,1767541799999,573050.42966870,2323,4.89374000,446310.41925450,0
1767541800000,91226.0,91226.01000000,91214.32000000,91216.0,3.64058,1767541859999,332080.55242160,726,2.60759000,237853.56218870,0
1767541860000,91216.01,91256.69000000,91216.00000000,91256.69,5.20193,1767541919999,474642.84197990,2792,3.68681000,336380.15518440,0
1767541920000,91256.69,91328.25000000,91256.68000000,91323.19,10.08887,1767541979999,921121.16006760,4372,7.24340000,661268.55720160,0
1767541980000,91323.18,91323.18000000,91281.89000000,91297.69,3.58874,1767542039999,327634.94384150,1809,2.28148000,208278.20523100,0
1767542040000,91297.68,91304.24000000,91290.12000000,91304.23,2.99878,1767542099999,273781.08721680,871,2.24522000,204983.42839400,0
1767542100000,91304.23,91310.96000000,91298.44000000,91298.44,3.37203,1767542159999,307885.40803170,947,2.62505000,239681.27334810,0
1767542160000,91298.45,91298.45000000,91298.44000000,91298.44,2.31151,1767542219999,211037.27133660,339,1.42922000,130485.57070900,0
1767542220000,91298.44,91305.17000000,91298.44000000,91300.48,3.72863,1767542279999,340421.75280660,936,2.93543000,268002.23867490,0
1767542280000,91300.49,91338.04000000,91300.48000000,91338.04,7.2412,1767542339999,661237.22027950,2066,6.33102000,578132.29895640,0
1767542340000,91338.04,91338.04000000,91334.93000000,91334.94,2.39774,1767542399999,219004.44574730,315,0.98381000,89858.95488740,0
1767542400000,91334.94,91348.99000000,91324.81000000,91337.48,6.77786,1767542459999,619054.36708180,2269,5.19430000,474421.62711380,0
1767542460000,91337.49,91369.69000000,91337.48000000,91369.69,10.28668,1767542519999,939659.56114100,1904,9.21707000,841939.28697200,0
1767542520000,91369.69,91369.69000000,91353.01000000,91353.02,3.55404,1767542579999,324711.30561280,852,2.14877000,196321.00451840,0
1767542580000,91353.02,91423.62000000,91353.01000000,91406.43,32.83288,1767542639999,3000360.46634200,5425,21.79373000,1991491.76148060,0
1767542640000,91406.42,91409.03000000,91375.59000000,91405.52,23.50051,1767542699999,2147826.74019800,2914,13.95281000,1275162.10578310,0
1767542700000,91405.52,91455.90000000,91405.52000000,91430.71,9.38593,1767542759999,858251.05128900,2843,6.99310000,639435.90491090,0
1767542760000,91430.71,91431.51000000,91360.00000000,91360.01,25.78941,1767542819999,2357053.57852050,3760,4.55881000,416652.76356140,0
1767542820000,91360.0,91393.12000000,91280.01000000,91280.02,15.70127,1767542879999,1434093.17391640,6938,3.48036000,317998.26343310,0
1767542880000,91280.01,91285.38000000,91244.60000000,91244.6,7.3523,1767542939999,671072.03094970,1695,3.01775000,275442.34222200,0
1767542940000,91244.61,91296.13000000,91244.60000000,91289.72,9.20384,1767542999999,839951.35448000,1938,7.51299000,685611.00908380,0
1767543000000,91289.72,91293.82000000,91258.06000000,91258.06,4.38799,1767543059999,400557.10887490,1236,3.08723000,281815.90878390,0
1767543060000,91258.07,91279.49000000,91258.06000000,91279.48,4.73383,1767543119999,432050.08705090,1187,3.30731000,301842.47117190,0
1767543120000,91279.48,91279.49000000,91279.48000000,91279.48,2.0973,1767543179999,191440.46997890,336,1.65749000,151294.84188010,0
1767543180000,91279.49,91293.69000000,91279.48000000,91293.68,3.10595,1767543239999,283533.02529760,917,2.09983000,191681.27800410,0
1767543240000,91293.69,91293.69000000,91282.27000000,91282.27,4.25878,1767543299999,388785.99906830,599,1.28154000,116991.01251770,0
1767543300000,91282.28,91285.37000000,91248.26000000,91274.69,10.3369,1767543359999,943428.97004750,1947,3.25338000,296931.93231610,0
1767543360000,91274.68,91300.00000000,91274.68000000,91300.0,1.87721,1767543419999,171364.67396770,1147,1.69299000,154548.36637610,0
1767543420000,91300.0,91300.00000000,91297.71000000,91297.72,1.69172,1767543479999,154453.74969590,445,0.98072000,89539.55427670,0
1767543480000,91297.71,91300.00000000,91247.03000000,91247.03,2.24762,1767543539999,205165.38811810,1726,1.21757000,111142.40321120,0
1767543540000,91247.04,91281.83000000,91247.03000000,91281.83,2.28079,1767543599999,208160.55876810,1418,2.17261000,198286.07461490,0
1767543600000,91281.82,91314.32000000,91281.82000000,91314.31,7.18536,1767543659999,655988.21526670,1785,4.22775000,385959.89661880,0
1767543660000,91314.31,91350.20000000,91314.31000000,91350.19,4.21534,1767543719999,385015.89853890,2013,2.59272000,236803.26191510,0
1767543720000,91350.19,91362.73000000,91321.96000000,91321.97,5.49699,1767543779999,502166.33967990,1769,2.96415000,270778.27947690,0
1767543780000,91321.96,91321.97000000,91310.99000000,91310.99,1.48436,1767543839999,135547.43203260,1221,0.43817000,40013.00834590,0
1767543840000,91311.0,91344.37000000,91310.99000000,91344.36,2.10678,1767543899999,192398.00255140,1635,1.91615000,174988.05432440,0
1767543900000,91344.37,91344.37000000,91320.00000000,91320.01,1.27483,1767543959999,116426.71045880,1194,0.20356000,18590.36919440,0
1767543960000,91320.01,91320.01000000,91316.00000000,91316.6,1.18672,1767544019999,108368.45904660,394,0.31553000,28813.78309330,0
1767544020000,91316.61,91336.28000000,91316.60000000,91336.27,2.20278,1767544079999,201175.43707210,1105,1.92147000,175486.33233490,0
1767544080000,91336.27,91336.27000000,91314.25000000,91314.42,2.70195,1767544139999,246771.79327260,943,0.24905000,22745.80989330,0
1767544140000,91314.42,91341.50000000,91314.42000000,91341.5,1.94472,1767544199999,177613.99676740,1099,1.70436000,155660.34108760,0
1767544200000,91341.5,91341.50000000,91326.40000000,91326.41,1.94843,1767544259999,177964.49675320,1153,0.32247000,29452.69023140,0
1767544260000,91326.4,91326.41000000,91318.00000000,91318.0,0.86834,1767544319999,79299.75698110,687,0.14241000,13005.20351190,0
1767544320000,91318.0,91337.65000000,91318.00000000,91337.64,0.83012,1767544379999,75811.88289110,860,0.65370000,59699.96202020,0
1767544380000,91337.64,91359.66000000,91337.64000000,91359.65,1.33274,1767544439999,121739.96956280,1140,1.26508000,115559.54153260,0
1767544440000,91359.66,91430.70000000,91359.65000000,91430.69,7.06294,1767544499999,645590.50276840,2014,6.92327000,632825.56143050,0
1767544500000,91430.7,91437.41000000,91399.10000000,91399.1,1.56194,1767544559999,142801.10040670,2081,0.63720000,58260.15130450,0
1767544560000,91399.11,91399.11000000,91354.12000000,91360.52,1.54495,1767544619999,141167.27542540,1981,0.30522000,27887.71664390,0
1767544620000,91360.52,91401.89000000,91360.51000000,91383.35,2.6357,1767544679999,240866.19543330,2174,0.94728000,86565.07824330,0
1767544680000,91383.35,91394.59000000,91375.41000000,91375.42,1.71304,1767544739999,156548.80560760,1230,1.04976000,95933.69826570,0
1767544740000,91375.41,91387.60000000,91352.67000000,91352.67,2.90801,1767544799999,265738.64102250,1319,0.40431000,36944.66030770,0
1767544800000,91352.67,91352.68000000,91352.67000000,91352.67,1.11805,1767544859999,102136.85830780,274,0.56143000,51288.13513240,0
1767544860000,91352.67,91352.68000000,91300.00000000,91301.31,63.99172,1767544919999,5843733.25579320,1151,1.49411000,136451.51005250,0
1767544920000,91301.31,91301.31000000,91301.30000000,91301.31,1.43821,1767544979999,131310.44985980,267,0.71868000,65616.42547080,0
1767544980000,91301.3,91301.31000000,91301.30000000,91301.3,0.88085,1767545039999,80422.75697530,150,0.68703000,62726.73900930,0
1767545040000,91301.31,91301.31000000,91301.30000000,91301.31,0.54361,1767545099999,49632.30148800,292,0.17950000,16388.58514500,0
1767545100000,91301.31,91313.48000000,91301.30000000,91313.48,1.6319,1767545159999,148999.86046410,743,1.38525000,126479.94707410,0
1767545160000,91313.47,91319.30000000,91311.19000000,91311.19,1.367,1767545219999,124824.45664520,503,0.74338000,67879.73469400,0
1767545220000,91311.2,91319.68000000,91311.19000000,91319.67,1.30479,1767545279999,119148.37846180,565,1.26584000,115591.56372650,0
1767545280000,91319.67,91319.68000000,91319.67000000,91319.67,0.70124,1767545339999,64037.00728110,177,0.18903000,17262.15911040,0
1767545340000,91319.68,91319.68000000,91308.12000000,91308.13,1.60125,1767545399999,146215.48506850,569,0.08872000,8101.34677060,0
1767545400000,91308.12,91308.13000000,91300.00000000,91300.01,0.74928,1767545459999,68410.93260330,428,0.12165000,11106.65208690,0
1767545460000,91300.0,91300.01000000,91300.00000000,91300.0,0.25299,1767545519999,23097.98827980,126,0.12798000,11684.57527980,0
1767545520000,91300.0,91314.43000000,91300.00000000,91314.42,5.55034,1767545579999,506764.36389620,825,4.71276000,430289.38617710,0
1767545580000,91314.42,91319.79000000,91314.42000000,91319.78,3.28827,1767545639999,300275.63233660,475,1.87742000,171437.56110520,0
1767545640000,91319.78,91322.31000000,91319.78000000,91322.31,0.68802,1767545699999,62830.98126110,572,0.47433000,43316.39269320,0
1767545700000,91322.31,91322.31000000,91322.30000000,91322.31,0.6605,1767545759999,60318.38355440,254,0.44044000,40221.99821640,0
1767545760000,91322.3,91322.31000000,91322.30000000,91322.31,0.81823,1767545819999,74722.65053150,192,0.50025000,45683.98557750,0
1767545820000,91322.3,91331.87000000,91322.30000000,91331.87,0.90013,1767545879999,82203.58470820,570,0.74173000,67737.80609130,0
1767545880000,91331.86,91331.87000000,91320.99000000,91321.0,2.61413,1767545939999,238744.05595110,530,0.39069000,35678.35888760,0
1767545940000,91321.0,91321.00000000,91320.99000000,91321.0,2.73486,1767545999999,249750.12478390,214,0.20725000,18926.27725000,0
1767546000000,91321.0,91321.00000000,91306.77000000,91306.78,3.74548,1767546059999,341999.85074480,920,2.46596000,225158.96817080,0
1767546060000,91306.78,91416.64000000,91306.77000000,91404.96,8.67169,1767546119999,792356.72059820,4817,6.50557000,594366.37742860,0
1767546120000,91404.96,91431.34000000,91404.96000000,91419.52,2.71599,1767546179999,248303.57326310,1342,1.59364000,145694.72625290,0
1767546180000,91419.51,91428.84000000,91410.74000000,91410.75,2.91523,1767546239999,266510.35576210,1132,1.22530000,112019.23954030,0
1767546240000,91410.74,91410.75000000,91354.00000000,91354.0,4.8336,1767546299999,441764.93640250,3869,1.20038000,109723.62460380,0
1767546300000,91354.0,91359.01000000,91354.00000000,91359.01,2.18415,1767546359999,199540.46048420,506,1.79715000,164184.66073420,0
1767546360000,91359.0,91359.01000000,91359.00000000,91359.0,1.0273,1767546419999,93853.10756480,346,0.68648000,62716.13318480,0
1767546420000,91359.01,91359.01000000,91342.69000000,91349.53,4.11426,1767546479999,375822.69094350,1067,3.35574000,306534.59869270,0
1767546480000,91349.53,91365.83000000,91349.53000000,91365.82,2.76556,1767546539999,252666.90463400,767,2.56665000,234494.98362730,0
1767546540000,91365.82,91365.83000000,91365.82000000,91365.82,2.55124,1767546599999,233096.15772360,387,2.31068000,211117.19606440,0
1767546600000,91365.83,91365.83000000,91365.82000000,91365.83,1.72407,1767546659999,157521.07343310,395,0.41457000,37877.53214310,0
1767546660000,91365.83,91370.10000000,91357.29000000,91357.29,7.77894,1767546719999,710732.44717750,941,5.61135000,512688.46521010,0
1767546720000,91357.29,91370.09000000,91349.54000000,91370.08,4.67485,1767546779999,427092.60953940,1170,1.92785000,176138.27573470,0
1767546780000,91370.09,91375.04000000,91370.08000000,91372.98,4.99503,1767546839999,456412.87525950,722,4.61773000,421937.63691470,0
1767546840000,91372.98,91372.99000000,91349.88000000,91349.89,1.53587,1767546899999,140322.24178340,894,0.39870000,36428.83270770,0
1767546900000,91349.88,91359.54000000,91349.88000000,91359.53,1.733,1767546959999,158321.92034120,788,0.61750000,56410.64929410,0
1767546960000,91359.53,91359.53000000,91338.38000000,91338.38,0.69166,1767547019999,63179.86670220,626,0.21065000,19241.05695410,0
1767547020000,91338.38,91338.39000000,91320.38000000,91320.38,3.12338,1767547079999,285256.06907870,767,0.44718000,40841.60304070,0
1767547080000,91320.39,91331.11000000,91320.38000000,91331.1,1.57003,1767547139999,143386.78412630,581,0.81988000,74875.31026690,0
1767547140000,91331.1,91356.38000000,91331.10000000,91356.37,1.99808,1767547199999,182500.35099830,1226,1.60157000,146285.69258850,0
1767547200000,91356.37,91356.38000000,91356.37000000,91356.38,0.83802,1767547259999,76558.47049100,296,0.53036000,48451.76969680,0
1767547260000,91356.38,91392.78000000,91356.37000000,91391.8,3.45253,1767547319999,315458.33913600,1991,2.86319000,261602.19251620,0
1767547320000,91391.8,91431.00000000,91384.58000000,91430.99,3.22147,1767547379999,294456.28586170,2295,2.38190000,217718.15255730,0
1767547380000,91431.0,91431.00000000,91401.24000000,91401.25,1.90511,1767547439999,174164.90980730,1225,0.46407000,42421.05128140,0
1767547440000,91401.25,91401.25000000,91401.24000000,91401.25,0.40878,1767547499999,37363.00142650,234,0.25393000,23209.51941250,0
1767547500000,91401.24,91412.57000000,91401.24000000,91412.57,2.26344,1767547559999,206886.15984420,915,2.10506000,192409.19373460,0
1767547560000,91412.57,91412.57000000,91362.23000000,91362.23,4.6782,1767547619999,427528.76484930,2084,1.34757000,123153.53584310,0
1767547620000,91362.24,91362.24000000,91362.23000000,91362.24,0.4378,1767547679999,39998.38506660,119,0.07726000,7058.64666240,0
1767547680000,91362.24,91362.24000000,91362.23000000,91362.24,0.44419,1767547739999,40582.19105910,163,0.21154000,19326.76824960,0
1767547740000,91362.24,91362.24000000,91362.23000000,91362.23,1.43915,1767547799999,131483.96666950,140,1.33650000,122105.63376000,0
1767547800000,91362.24,91380.92000000,91362.23000000,91380.91,1.33918,1767547859999,122358.78451070,945,1.10150000,100640.63958750,0
1767547860000,91380.92,91409.77000000,91380.91000000,91409.76,2.03945,1767547919999,186379.43517950,1562,1.95656000,178803.49044700,0
1767547920000,91409.76,91409.76000000,91390.18000000,91390.19,2.84943,1767547979999,260432.62222560,827,0.55703000,50907.15804750,0
1767547980000,91390.18,91412.57000000,91390.18000000,91412.57,1.67458,1767548039999,153062.51421460,1409,1.48987000,136180.89380800,0
1767548040000,91412.56,91412.57000000,91408.08000000,91408.08,0.60534,1767548099999,55333.94958690,266,0.08944000,8175.59888480,0
1767548100000,91408.08,91436.21000000,91408.08000000,91436.2,5.37601,1767548159999,491490.08401140,1930,5.04987000,461676.42114180,0
1767548160000,91436.2,91436.21000000,91408.08000000,91408.08,2.47784,1767548219999,226521.41337080,1862,0.53042000,48485.28872340,0
1767548220000,91408.09,91408.09000000,91408.08000000,91408.08,0.6339,1767548279999,57943.58485930,174,0.29473000,26940.70636570,0
1767548280000,91408.09,91408.09000000,91404.00000000,91404.01,0.61765,1767548339999,56456.32034600,494,0.22032000,20138.24184720,0
1767548340000,91404.01,91418.76000000,91404.00000000,91418.75,1.27216,1767548399999,116284.99785510,811,1.08179000,98883.49230800,0
1767548400000,91418.75,91418.76000000,91410.55000000,91410.55,0.64697,1767548459999,59143.87449750,396,0.13098000,11973.78925280,0
1767548460000,91410.56,91410.56000000,91378.70000000,91378.7,1.88752,1767548519999,172512.07712720,1359,0.10584000,9673.47475760,0
1767548520000,91378.7,91396.00000000,91378.70000000,91396.0,2.22755,1767548579999,203561.57755010,1570,1.71159000,156408.94814600,0
1767548580000,91395.99,91396.00000000,91392.74000000,91392.75,1.94157,1767548639999,177449.93895310,477,0.33356000,30485.06215000,0
1767548640000,91392.75,91392.75000000,91385.63000000,91385.64,1.23187,1767548699999,112576.66876120,425,0.28795000,26314.52276700,0
1767548700000,91385.64,91390.33000000,91385.63000000,91390.33,0.90213,1767548759999,82443.69235340,599,0.54030000,49376.20501550,0
1767548760000,91390.33,91390.33000000,91390.32000000,91390.32,2.74366,1767548819999,250743.98789800,310,2.25268000,205873.16858440,0
1767548820000,91390.32,91390.33000000,91390.32000000,91390.32,1.66957,1767548879999,152582.55046880,313,1.39064000,127091.04851120,0
1767548880000,91390.33,91390.33000000,91388.52000000,91388.53,2.73378,1767548939999,249839.40496240,368,0.13390000,12237.15530500,0
1767548940000,91388.52,91407.41000000,91388.52000000,91407.41,2.63876,1767548999999,241182.22274910,692,2.30985000,211122.36477350,0
1767549000000,91407.4,91409.57000000,91407.40000000,91409.57,0.51053,1767549059999,46667.26008320,348,0.30455000,27838.73755520,0
1767549060000,91409.56,91409.57000000,91388.52000000,91388.53,1.85237,1767549119999,169312.65944780,1315,0.18397000,16814.81886910,0
1767549120000,91388.52,91388.53000000,91373.50000000,91373.51,3.44374,1767549179999,314715.12377960,1000,0.36769000,33601.57665250,0
1767549180000,91373.51,91373.51000000,91362.23000000,91362.23,0.65467,1767549239999,59813.40086040,660,0.13542000,12372.43481070,0
1767549240000,91362.24,91362.24000000,91351.00000000,91351.0,0.69387,1767549299999,63391.29771850,619,0.18349000,16763.59488420,0
1767549300000,91351.0,91351.00000000,91342.93000000,91342.93,0.78639,1767549359999,71835.74142060,691,0.13308000,12156.76823110,0
1767549360000,91342.94,91342.94000000,91335.36000000,91335.73,2.99595,1767549419999,273636.79040040,659,2.53955000,231950.80555480,0
1767549420000,91335.73,91335.73000000,91335.72000000,91335.72,2.88739,1767549479999,263721.84732160,223,0.27508000,25124.63260840,0
1767549480000,91335.72,91335.73000000,91335.72000000,91335.72,0.95973,1767549539999,87657.63709330,159,0.65377000,59712.56020210,0
1767549540000,91335.72,91335.73000000,91335.72000000,91335.73,0.38061,1767549599999,34763.28932880,149,0.09396000,8581.90519080,0
1767549600000,91335.72,91335.73000000,91310.00000000,91310.0,5.50118,1767549659999,502373.74831580,1317,0.13598000,12417.98473200,0
1767549660000,91310.0,91316.95000000,91310.00000000,91316.94,1.39361,1767549719999,127255.42148650,878,0.93131000,85039.89848150,0
1767549720000,91316.94,91316.95000000,91316.94000000,91316.95,0.91255,1767549779999,83331.27937290,200,0.57759000,52743.75715050,0
1767549780000,91316.94,91316.95000000,91285.37000000,91299.99,5.38798,1767549839999,491939.55286370,1998,1.72481000,157472.95351720,0
1767549840000,91299.99,91300.00000000,91299.99000000,91300.0,1.32456,1767549899999,120932.32521890,431,1.04645000,95540.88500000,0
1767549900000,91300.0,91300.00000000,91256.34000000,91256.34,7.03715,1767549959999,642345.08574730,1622,0.36009000,32872.24349390,0
1767549960000,91256.34,91281.66000000,91256.34000000,91281.66,1.32133,1767550019999,120595.45938080,1157,0.91434000,83451.18118480,0
1767550020000,91281.65,91281.66000000,91259.81000000,91259.81,2.29955,1767550079999,209878.03295270,722,1.09156000,99617.23703200,0
1767550080000,91259.81,91275.65000000,91259.81000000,91262.79,3.02111,1767550139999,275716.71745070,921,0.44637000,40737.32191050,0
1767550140000,91262.79,91282.43000000,91262.79000000,91282.42,2.21062,1767550199999,201766.49213580,736,1.00306000,91549.25509030,0
1767550200000,91282.42,91282.43000000,91236.53000000,91236.54,4.65406,1767550259999,424677.23022970,2173,0.33381000,30460.21346880,0
1767550260000,91236.54,91236.54000000,91236.53000000,91236.54,0.37824,1767550319999,34509.30563280,136,0.05256000,4795.39254240,0
1767550320000,91236.54,91236.54000000,91236.53000000,91236.53,0.41815,1767550379999,38150.55648210,156,0.14626000,13344.25634040,0
1767550380000,91236.53,91236.54000000,91236.53000000,91236.54,0.26978,1767550439999,24613.79220340,113,0.11400000,10400.96556000,0
1767550440000,91236.53,91236.54000000,91236.53000000,91236.54,0.28112,1767550499999,25648.41481730,115,0.15037000,13719.23851980,0
1767550500000,91236.53,91236.54000000,91236.53000000,91236.54,0.3913,1767550559999,35700.85645400,172,0.22650000,20665.07631000,0
1767550560000,91236.53,91254.00000000,91236.53000000,91236.54,3.32332,1767550619999,303227.85261060,1473,2.21776000,202346.10164260,0
1767550620000,91236.54,91236.54000000,91236.53000000,91236.54,0.36258,1767550679999,33080.54225030,114,0.12029000,10974.84339660,0
1767550680000,91236.54,91236.54000000,91189.65000000,91197.0,15.97259,1767550739999,1456936.05565640,2233,2.02110000,184326.36485970,0
1767550740000,91197.0,91201.02000000,91191.41000000,91191.67,3.74967,1767550799999,341960.45413830,2833,1.69790000,154841.68603070,0
1767550800000,91191.67,91210.00000000,91191.66000000,91209.99,5.25347,1767550859999,479120.59874570,1199,4.41658000,402797.22727820,0
1767550860000,91209.99,91210.00000000,91182.71000000,91182.71,2.66361,1767550919999,242928.56773700,1503,0.19084000,17405.56010880,0
1767550920000,91182.71,91182.71000000,91140.62000000,91153.99,17.9665,1767550979999,1637724.66597460,1978,7.79787000,710753.18341300,0
1767550980000,91154.0,91169.00000000,91153.99000000,91168.99,5.09818,1767551039999,464749.72645550,1305,4.15120000,378425.54681090,0
1767551040000,91169.0,91169.00000000,91154.65000000,91166.0,4.79581,1767551099999,437187.68223690,1262,1.02797000,93705.56610250,0
1767551100000,91166.0,91179.66000000,91165.99000000,91179.65,1.56855,1767551159999,143006.91434110,1280,1.14510000,104402.01718330,0
1767551160000,91179.65,91179.66000000,91179.65000000,91179.65,3.26617,1767551219999,297808.25626700,331,1.88265000,171659.38689900,0
1767551220000,91179.66,91179.66000000,91169.46000000,91169.47,1.51477,1767551279999,138107.39990740,492,0.38548000,35144.16717670,0
1767551280000,91169.46,91169.47000000,91169.46000000,91169.46,1.55662,1767551339999,141916.21756370,177,1.27385000,116136.22935950,0
1767551340000,91169.46,91182.72000000,91169.46000000,91179.65,4.64527,1767551399999,423514.53774530,538,4.23387000,386003.70000380,0
1767551400000,91179.65,91179.66000000,91154.01000000,91160.35,4.62834,1767551459999,421925.10279350,1986,2.72879000,248745.61354480,0
1767551460000,91160.34,91160.35000000,91143.68000000,91143.68,7.18649,1767551519999,655052.13840150,1087,1.25842000,114699.84328680,0
1767551520000,91143.68,91169.39000000,91143.68000000,91169.39,3.34461,1767551579999,304871.95495600,1808,2.54376000,231866.65607350,0
1767551580000,91169.39,91185.00000000,91096.27000000,91102.46,22.16132,1767551639999,2019773.62029510,5773,5.58016000,508750.15796000,0
1767551640000,91102.46,91131.61000000,91102.46000000,91131.61,3.52255,1767551699999,320962.77624980,1397,3.30188000,300855.81619360,0
1767551700000,91131.61,91131.61000000,91131.60000000,91131.6,0.62689,1767551759999,57129.49129060,148,0.25666000,23389.83902260,0
1767551760000,91131.61,91131.61000000,91067.96000000,91067.97,12.24997,1767551819999,1115819.36942390,3490,0.94471000,86055.31920950,0
1767551820000,91067.97,91093.73000000,91067.97000000,91074.55,7.29618,1767551879999,664536.96235270,1650,3.78824000,345005.60521640,0
1767551880000,91074.56,91074.56000000,91000.00000000,91007.03,41.95262,1767551939999,3818076.60760420,6159,6.53341000,594591.95292190,0
1767551940000,91007.03,91160.00000000,91007.03000000,91160.0,22.3403,1767551999999,2034968.77604580,5571,18.12400000,1650733.76001190,0
1767552000000,91159.99,91183.62000000,91083.49000000,91095.99,10.65196,1767552059999,970912.48485980,3264,4.69937000,428386.99910940,0
1767552060000,91095.99,91191.83000000,91095.98000000,91191.82,5.0443,1767552119999,459757.73788030,3758,4.30107000,392018.17892520,0
1767552120000,91191.82,91228.95000000,91181.75000000,91204.5,13.17852,1767552179999,1201844.01102820,3272,10.91567000,995473.87355210,0
1767552180000,91204.5,91217.93000000,91194.17000000,91212.76,1.46115,1767552239999,133266.27035500,1714,0.96644000,88145.51728050,0
1767552240000,91212.76,91220.00000000,91212.75000000,91219.99,1.54669,1767552299999,141083.43256760,1094,1.41341000,128925.86080490,0
1767552300000,91220.0,91226.67000000,91219.99000000,91225.25,2.75811,1767552359999,251606.69491610,612,2.16167000,197196.11226100,0
1767552360000,91225.25,91225.26000000,91200.35000000,91200.36,1.72029,1767552419999,156910.21905940,758,0.16793000,15316.59361530,0
1767552420000,91200.35,91200.36000000,91190.21000000,91190.21,2.38166,1767552479999,217203.29514960,514,0.15201000,13862.14268510,0
1767552480000,91190.21,91190.22000000,91170.03000000,91170.04,2.80105,1767552539999,255395.49442530,1248,1.75528000,160040.53565130,0
1767552540000,91170.03,91182.71000000,91170.03000000,91182.2,5.75916,1767552599999,525082.61065010,1571,3.03523000,276739.44053730,0
1767552600000,91182.2,91186.00000000,91182.20000000,91185.99,1.79617,1767552659999,163781.01286680,642,1.57181000,143322.65158550,0
1767552660000,91186.0,91186.00000000,91160.00000000,91160.0,1.23439,1767552719999,112543.79464640,911,0.18251000,16639.67847860,0
1767552720000,91160.01,91186.00000000,91160.00000000,91186.0,5.81949,1767552779999,530579.64032800,1545,4.85307000,442466.56619200,0
1767552780000,91185.99,91186.00000000,91185.99000000,91186.0,0.70356,1767552839999,64154.81823340,241,0.31090000,28349.72740000,0
1767552840000,91186.0,91186.00000000,91181.96000000,91181.97,1.88486,1767552899999,171870.14635980,310,0.67363000,61423.38885240,0
1767552900000,91181.96,91181.97000000,91180.00000000,91180.01,0.74306,1767552959999,67753.16599560,280,0.27401000,24984.70764490,0
1767552960000,91180.0,91200.00000000,91180.00000000,91199.99,5.15383,1767553019999,469958.55131030,1763,4.99896000,455835.26552980,0
1767553020000,91199.99,91212.77000000,91198.99000000,91199.0,1.4994,1767553079999,136751.05116790,977,0.57112000,52087.81461980,0
1767553080000,91199.0,91205.39000000,91198.99000000,91205.39,4.26244,1767553139999,388750.57150610,930,4.11866000,375637.19601060,0
1767553140000,91205.39,91205.39000000,91205.38000000,91205.39,0.41983,1767553199999,38290.75643800,154,0.17526000,15984.65665140,0
1767553200000,91205.38,91205.39000000,91205.38000000,91205.39,1.07259,1767553259999,97825.98477040,397,0.62362000,56877.50531180,0
1767553260000,91205.38,91205.39000000,91121.14000000,91121.15,3.9052,1767553319999,356053.17079820,1896,0.31260000,28498.10561880,0
1767553320000,91121.14,91159.36000000,91121.14000000,91159.35,2.28298,1767553379999,208071.53321420,1297,1.97638000,180125.20160790,0
1767553380000,91159.36,91159.36000000,91096.27000000,91096.27,13.01551,1767553439999,1186230.43702720,1675,9.13099000,832264.76380850,0
1767553440000,91096.28,91100.00000000,91080.06000000,91094.14,4.9798,1767553499999,453635.39243360,1225,1.78008000,162150.68903310,0
1767553500000,91094.15,91094.15000000,91000.00000000,91019.75,11.24996,1767553559999,1024175.92646250,3345,1.84496000,167934.80519120,0
1767553560000,91019.75,91040.00000000,91000.00000000,91039.99,5.8546,1767553619999,532902.30212790,2802,2.49179000,226814.38749530,0
1767553620000,91039.99,91040.00000000,90988.21000000,91029.0,20.38371,1767553679999,1854948.66587300,2829,3.77479000,343524.36859520,0
1767553680000,91029.0,91077.38000000,90863.47000000,90910.44,97.63526,1767553739999,8879027.89347190,9873,35.58090000,3235571.57395330,0
1767553740000,90910.44,90949.22000000,90908.16000000,90930.11,7.06221,1767553799999,642214.87720770,2852,5.68272000,516770.88083330,0
1767553800000,90930.12,90958.00000000,90912.58000000,90945.72,9.14469,1767553859999,831650.11197340,3030,6.67416000,606971.42922330,0
1767553860000,90945.72,91025.99000000,90929.75000000,91023.71,4.7989,1767553919999,436666.38488050,3369,4.02885000,366598.27610240,0
1767553920000,91023.71,91052.71000000,90938.34000000,90951.98,32.42811,1767553979999,2950901.33381930,4330,8.53865000,776893.96577580,0
1767553980000,90951.98,90988.73000000,90923.74000000,90985.57,4.45853,1767554039999,405574.25441570,1948,3.06486000,278793.74397870,0
1767554040000,90985.57,91012.95000000,90985.57000000,91012.94,3.28514,1767554099999,298952.33911370,1255,1.79359000,163204.72042210,0
1767554100000,91012.95,91061.91000000,90987.33000000,91032.54,3.63401,1767554159999,330813.00942030,2300,2.97694000,270998.06271290,0
1767554160000,91032.53,91076.71000000,91032.53000000,91076.7,3.26826,1767554219999,297587.87353630,1718,2.56044000,233150.70238430,0
1767554220000,91076.7,91076.71000000,91033.67000000,91033.68,1.03777,1767554279999,94495.35424770,1160,0.17943000,16338.98796900,0
1767554280000,91033.68,91036.35000000,91033.67000000,91036.34,1.67024,1767554339999,152050.72844650,666,1.00816000,91777.66536380,0
1767554340000,91036.35,91051.41000000,91036.34000000,91046.98,1.32295,1767554399999,120443.88331870,754,0.62081000,56518.72375990,0
1767554400000,91046.98,91122.86000000,91046.97000000,91116.39,10.20419,1767554459999,929514.95757130,1876,6.94870000,632891.55757530,0
1767554460000,91116.4,91160.00000000,91116.39000000,91160.0,4.33918,1767554519999,395432.40209790,1172,3.61374000,329331.55155910,0
1767554520000,91159.99,91204.33000000,91128.00000000,91155.62,11.47567,1767554579999,1046018.08820000,3874,9.21779000,840171.63283800,0
1767554580000,91155.62,91182.72000000,91117.40000000,91182.7,12.01499,1767554639999,1095085.75751940,2174,6.91314000,630055.89112240,0
1767554640000,91182.71,91182.71000000,91129.84000000,91129.84,16.03482,1767554699999,1461469.51919610,1109,0.04973000,4532.91403530,0
1767554700000,91129.84,91150.00000000,91129.84000000,91149.99,2.17904,1767554759999,198590.55509570,811,1.99863000,182146.98643900,0
1767554760000,91150.0,91150.00000000,91094.00000000,91094.0,2.21267,1767554819999,201609.66256110,1634,0.09015000,8212.61658960,0
1767554820000,91094.01,91121.13000000,91094.00000000,91113.03,4.12481,1767554879999,375783.93504580,949,3.40294000,310012.92055470,0
1767554880000,91113.03,91113.04000000,91113.03000000,91113.04,0.28381,1767554939999,25858.79089490,154,0.18506000,16861.37918240,0
1767554940000,91113.03,91124.11000000,91112.95000000,91124.1,4.94644,1767554999999,450689.57372850,618,4.74452000,432291.55113300,0
1767555000000,91124.11,91124.11000000,91114.00000000,91114.91,1.54294,1767555059999,140596.97593160,762,0.24604000,22419.47212170,0
1767555060000,91114.9,91171.01000000,91114.90000000,91171.0,2.64971,1767555119999,241486.14713350,2071,1.85245000,168823.70546850,0
1767555120000,91171.0,91171.01000000,91163.16000000,91163.16,2.8698,1767555179999,261641.42398540,404,0.30075000,27419.65378170,0
1767555180000,91163.17,91169.28000000,91163.16000000,91169.28,1.2178,1767555239999,111023.49650520,503,0.76829000,70042.70248970,0
1767555240000,91169.27,91169.28000000,91158.23000000,91158.24,1.94402,1767555299999,177215.06599360,479,1.36103000,124069.49130720,0
1767555300000,91158.23,91182.32000000,91158.23000000,91166.0,4.26189,1767555359999,388529.09284090,1179,3.38428000,308514.73853420,0
1767555360000,91166.0,91166.00000000,91146.00000000,91151.61,5.54429,1767555419999,505356.58606490,1003,4.40559000,401559.59827620,0
1767555420000,91151.61,91151.62000000,91138.11000000,91138.11,1.45675,1767555479999,132778.46737270,628,0.67897000,61885.15429370,0
1767555480000,91138.1,91138.11000000,91101.56000000,91101.57,2.25922,1767555539999,205852.92552190,1069,0.41557000,37859.96815530,0
1767555540000,91101.57,91101.57000000,91101.56000000,91101.57,0.4071,1767555599999,37087.44652390,132,0.14479000,13190.59632030,0
1767555600000,91101.56,91101.57000000,91054.00000000,91054.01,2.95414,1767555659999,269045.13507500,972,1.21793000,110901.28268480,0
1767555660000,91054.0,91091.39000000,91054.00000000,91091.38,5.97792,1767555719999,544432.42859460,1060,5.85595000,533322.31013410,0
1767555720000,91091.39,91091.39000000,91091.38000000,91091.39,0.50444,1767555779999,45950.13956470,207,0.38375000,34956.32091250,0
1767555780000,91091.39,91091.39000000,91080.00000000,91080.01,0.84471,1767555839999,76944.15125380,268,0.29228000,26624.12575480,0
1767555840000,91080.01,91080.01000000,91068.00000000,91068.01,1.46792,1767555899999,133687.19944600,374,0.06728000,6127.29133280,0
1767555900000,91068.01,91070.91000000,91068.00000000,91070.91,5.51021,1767555959999,501804.50008980,403,5.46306000,497510.54064980,0
1767555960000,91070.9,91078.91000000,91070.90000000,91078.91,3.33806,1767556019999,304002.99684690,375,2.80798000,255725.82821810,0
1767556020000,91078.91,91078.91000000,91078.90000000,91078.91,0.50678,1767556079999,46156.96775530,137,0.28133000,25623.22975030,0
1767556080000,91078.91,91078.91000000,91078.90000000,91078.91,0.27224,1767556139999,24795.32191640,118,0.21804000,19858.84553640,0
1767556140000,91078.91,91132.19000000,91078.90000000,91124.38,8.59841,1767556199999,783283.79872930,2005,7.91085000,720632.72084580,0
1767556200000,91124.39,91124.39000000,91124.38000000,91124.39,0.74931,1767556259999,68280.41528900,175,0.61112000,55687.93721680,0
1767556260000,91124.39,91124.39000000,91114.00000000,91114.0,0.86847,1767556319999,79135.49566560,467,0.18161000,16547.83940170,0
1767556320000,91114.01,91114.01000000,91114.00000000,91114.0,0.28878,1767556379999,26311.90175140,192,0.08314000,7575.21879140,0
1767556380000,91114.0,91114.01000000,91110.12000000,91110.12,0.4327,1767556439999,39423.81346420,279,0.04228000,3852.20630680,0
1767556440000,91110.12,91110.13000000,91110.12000000,91110.12,0.10125,1767556499999,9224.90020890,125,0.05589000,5092.14516570,0
1767556500000,91110.12,91148.78000000,91110.12000000,91148.78,2.53735,1767556559999,231202.52857000,1497,2.42980000,221401.82990380,0
1767556560000,91148.79,91148.79000000,91148.75000000,91148.75,4.9219,1767556619999,448625.17654940,241,0.37191000,33899.14331850,0
1767556620000,91148.76,91175.31000000,91148.75000000,91170.76,2.71865,1767556679999,247817.80431150,1088,2.30615000,210212.74342410,0
1767556680000,91170.76,91170.77000000,91138.06000000,91138.07,3.73973,1767556739999,340877.90604830,837,0.22574000,20579.42299040,0
1767556740000,91138.06,91138.07000000,91138.06000000,91138.07,1.51193,1767556799999,137794.37856230,167,1.15065000,104868.02024550,0
1767556800000,91138.06,91149.28000000,91132.00000000,91132.01,1.98831,1767556859999,181209.31421190,959,0.97120000,88512.82234570,0
1767556860000,91132.0,91132.01000000,91132.00000000,91132.0,0.34327,1767556919999,31282.88430520,109,0.26652000,24288.50330520,0
1767556920000,91132.0,91160.00000000,91132.00000000,91160.0,3.18151,1767556979999,289965.54423800,1031,2.95733000,269530.10658670,0
1767556980000,91160.0,91166.00000000,91159.99000000,91165.99,0.4461,1767557039999,40667.74696510,574,0.33832000,30842.11676990,0
1767557040000,91166.0,91166.00000000,91148.00000000,91148.01,0.96862,1767557099999,88300.09101220,799,0.15415000,14052.27221050,0
1767557100000,91148.0,91148.01000000,91148.00000000,91148.01,0.67723,1767557159999,61728.16495490,160,0.49149000,44798.33543490,0
1767557160000,91148.0,91148.01000000,91134.47000000,91134.8,3.25982,1767557219999,297085.86035910,803,2.75620000,251184.89490280,0
1767557220000,91134.79,91221.02000000,91134.79000000,91216.4,9.25351,1767557279999,843681.20858940,3497,8.57579000,781870.03621270,0
1767557280000,91216.41,91216.41000000,91212.90000000,91212.91,1.11915,1767557339999,102082.90708280,320,0.44424000,40520.92948340,0
1767557340000,91212.9,91228.00000000,91199.44000000,91199.44,6.39921,1767557399999,583690.58547390,1220,4.14186000,377802.21121220,0
1767557400000,91199.45,91231.21000000,91199.44000000,91231.2,4.23342,1767557459999,386148.64821330,1605,3.83204000,349530.99058970,0
1767557460000,91231.21,91249.35000000,91231.20000000,91244.9,3.61133,1767557519999,329493.32300850,1030,2.73782000,249788.40720120,0
1767557520000,91244.9,91258.24000000,91244.89000000,91258.24,4.47594,1767557579999,408434.81940730,909,4.39628000,401165.65313090,0
1767557580000,91258.23,91282.33000000,91258.23000000,91282.33,3.29108,1767557639999,300371.37912250,844,3.24552000,296212.80001600,0
1767557640000,91282.32,91282.33000000,91270.00000000,91270.0,1.17392,1767557699999,107153.85779280,400,0.07353000,6711.53374740,0
1767557700000,91270.01,91270.01000000,91240.00000000,91240.0,5.50918,1767557759999,502724.34545230,692,0.09965000,9093.21661090,0
1767557760000,91240.0,91246.66000000,91240.00000000,91246.66,1.60707,1767557819999,146630.89868390,281,1.49430000,136341.10407090,0
1767557820000,91246.66,91272.00000000,91246.65000000,91272.0,4.47614,1767557879999,408486.41656920,701,3.39113000,309459.68132880,0
1767557880000,91272.0,91272.00000000,91271.99000000,91272.0,0.22755,1767557939999,20768.94217580,159,0.08513000,7769.98536000,0
1767557940000,91271.99,91272.00000000,91254.00000000,91254.01,1.79499,1767557999999,163814.96756210,622,0.10604000,9677.55850230,0
1767558000000,91254.0,91254.01000000,91254.00000000,91254.01,0.86974,1767558059999,79367.25796370,143,0.40037000,36535.36798370,0
1767558060000,91254.01,91262.00000000,91254.01000000,91262.0,1.0974,1767558119999,100147.23537220,330,1.01475000,92604.43189870,0
1767558120000,91262.0,91262.00000000,91261.50000000,91261.5,0.58835,1767558179999,53693.95221790,295,0.05679000,5182.76177700,0
1767558180000,91261.5,91261.51000000,91261.50000000,91261.51,0.86659,1767558239999,79086.31100640,140,0.77214000,70466.66233140,0
1767558240000,91261.51,91261.51000000,91261.50000000,91261.5,2.71812,1767558299999,248059.73423330,156,2.58533000,235941.11964830,0
1767558300000,91261.51,91285.38000000,91261.50000000,91285.37,4.97679,1767558359999,454266.72529510,974,4.93782000,450709.68998530,0
1767558360000,91285.38,91285.38000000,91285.37000000,91285.37,0.29203,1767558419999,26658.06895300,138,0.23519000,21469.40852220,0
1767558420000,91285.38,91317.14000000,91285.37000000,91317.13,6.74154,1767558479999,615501.06552300,1321,6.50719000,594105.52133440,0
1767558480000,91317.14,91340.00000000,91317.14000000,91340.0,5.09051,1767558539999,464896.59826450,869,4.49505000,410513.79138650,0
1767558540000,91340.0,91340.00000000,91339.99000000,91339.99,0.42825,1767558599999,39116.35383970,96,0.31222000,28518.17480000,0
1767558600000,91340.0,91340.00000000,91299.00000000,91299.01,3.61373,1767558659999,330009.22269810,1136,0.39419000,35990.62559370,0
1767558660000,91299.01,91299.01000000,91282.00000000,91282.0,3.14915,1767558719999,287500.52455910,621,0.03522000,3215.41712220,0
1767558720000,91282.0,91282.00000000,91270.00000000,91280.0,2.62835,1767558779999,239900.77325370,677,0.88416000,80699.27286380,0
1767558780000,91279.99,91308.00000000,91279.99000000,91308.0,4.11424,1767558839999,375607.36384670,813,3.37177000,307814.18652160,0
1767558840000,91308.0,91308.00000000,91294.00000000,91294.01,6.62649,1767558899999,605036.99335680,539,0.08476000,7738.46795910,0
1767558900000,91294.01,91320.00000000,91294.00000000,91319.99,2.61545,1767558959999,238795.09066440,857,2.30831000,210752.27136600,0
1767558960000,91319.99,91320.00000000,91319.99000000,91320.0,0.52059,1767559019999,47540.27518160,122,0.15875000,14497.05000000,0
1767559020000,91319.99,91320.00000000,91300.15000000,91300.15,1.23,1767559079999,112318.82383250,656,0.07647000,6983.18127680,0
1767559080000,91300.15,91323.00000000,91300.15000000,91322.99,3.49504,1767559139999,319156.09865350,620,2.96789000,271024.68249500,0
1767559140000,91323.0,91323.00000000,91322.99000000,91322.99,0.77521,1767559199999,70794.50195640,170,0.68785000,62816.52555000,0
1767559200000,91322.99,91338.00000000,91322.99000000,91338.0,2.84853,1767559259999,260163.46398820,487,1.65670000,151306.68736650,0
1767559260000,91338.0,91338.00000000,91322.99000000,91322.99,0.76599,1767559319999,69961.74087770,539,0.04998000,4564.49855230,0
1767559320000,91323.0,91323.00000000,91302.00000000,91302.01,2.40866,1767559379999,219953.31758800,766,0.21025000,19196.42252970,0
1767559380000,91302.01,91302.01000000,91302.00000000,91302.0,2.19015,1767559439999,199965.07661140,144,0.13114000,11973.34559140,0
1767559440000,91302.0,91302.01000000,91295.60000000,91295.61,1.43159,1767559499999,130698.83551940,423,0.07780000,7102.79934600,0
1767559500000,91295.6,91295.61000000,91267.81000000,91267.81,2.57095,1767559559999,234677.64553020,1210,0.24392000,22265.28562730,0
1767559560000,91267.82,91267.82000000,91267.81000000,91267.82,0.60915,1767559619999,55595.78836460,160,0.19031000,17369.17882420,0
1767559620000,91267.82,91288.00000000,91267.81000000,91288.0,2.19245,1767559679999,200113.78542690,864,1.97264000,180051.71316540,0
1767559680000,91287.99,91288.00000000,91287.99000000,91287.99,1.48349,1767559739999,135424.83408500,216,1.37999000,125976.52712000,0
1767559740000,91287.99,91288.00000000,91287.99000000,91287.99,0.19417,1767559799999,17725.39023360,111,0.12153000,11094.23064000,0
1767559800000,91288.0,91326.89000000,91287.99000000,91326.88,4.34396,1767559859999,396613.97196530,1038,4.24977000,388012.96272250,0
1767559860000,91326.88,91349.38000000,91326.88000000,91334.96,3.20201,1767559919999,292479.57079380,1258,1.67608000,153091.28235420,0
1767559920000,91334.96,91342.57000000,91332.00000000,91332.01,1.1709,1767559979999,106946.87492650,647,0.49948000,45620.97430520,0
1767559980000,91332.01,91332.01000000,91332.00000000,91332.0,2.16329,1767560039999,197577.60529400,251,0.30140000,27527.46781400,0
1767560040000,91332.01,91332.01000000,91313.94000000,91313.95,5.24226,1767560099999,478765.07498030,585,0.16760000,15305.70920560,0
1767560100000,91313.95,91313.95000000,91313.94000000,91313.94,0.31457,1767560159999,28724.62778460,160,0.16788000,15329.78592600,0
1767560160000,91313.95,91313.95000000,91313.94000000,91313.94,0.43209,1767560219999,39455.84151360,118,0.11790000,10765.91470500,0
1767560220000,91313.94,91313.95000000,91313.94000000,91313.94,0.36397,1767560279999,33235.53521210,183,0.04703000,4294.49506850,0
1767560280000,91313.95,91313.95000000,91297.13000000,91297.13,1.20516,1767560339999,110034.39960140,754,0.09503000,8676.01806250,0
1767560340000,91297.13,91313.94000000,91297.13000000,91313.94,1.91362,1767560399999,174717.27644040,677,1.76870000,161486.13067640,0
1767560400000,91313.93,91313.94000000,91293.10000000,91293.1,1.06245,1767560459999,97003.64547880,642,0.15055000,13745.23828610,0
1767560460000,91293.11,91293.11000000,91282.30000000,91282.3,1.57583,1767560519999,143848.71619760,327,0.14920000,13619.41574900,0
1767560520000,91282.31,91282.31000000,91267.71000000,91267.72,1.31132,1767560579999,119687.78548900,509,0.52597000,48004.90069860,0
1767560580000,91267.71,91337.81000000,91267.71000000,91329.99,5.00497,1767560639999,456989.72652710,2142,3.15098000,287656.30873340,0
1767560640000,91329.98,91349.38000000,91329.98000000,91349.38,0.72491,1767560699999,66211.91906980,627,0.61047000,55759.13491060,0
1767560700000,91349.37,91356.93000000,91349.37000000,91356.92,1.66974,1767560759999,152534.18002280,432,1.16587000,106502.66621190,0
1767560760000,91356.92,91374.96000000,91356.92000000,91361.43,3.95176,1767560819999,361056.33872850,1173,3.27525000,299245.47712040,0
1767560820000,91361.44,91361.44000000,91352.00000000,91352.01,1.36471,1767560879999,124670.74379310,454,0.40523000,37019.24928220,0
1767560880000,91352.01,91379.99000000,91352.00000000,91379.99,1.33534,1767560939999,122004.11086210,860,1.23895000,113196.72694310,0
1767560940000,91379.98,91379.99000000,91374.02000000,91374.02,1.56545,1767560999999,143050.66016110,284,1.05635000,96529.25243650,0
1767561000000,91374.03,91379.99000000,91371.68000000,91379.98,1.10217,1767561059999,100710.13459280,453,0.89941000,82182.93036890,0
1767561060000,91379.99,91413.04000000,91379.98000000,91399.51,5.59337,1767561119999,511199.65091820,1611,4.93977000,451457.57764480,0
1767561120000,91399.5,91399.51000000,91358.00000000,91358.01,2.45656,1767561179999,224508.49349450,865,1.19831000,109522.93282650,0
1767561180000,91358.01,91421.96000000,91358.00000000,91421.96,9.48821,1767561239999,866959.61460030,1349,8.93856000,816729.49825080,0
1767561240000,91421.95,91421.96000000,91360.00000000,91360.01,6.6301,1767561299999,605980.60085130,1774,1.65685000,151458.08988920,0
1767561300000,91360.0,91360.01000000,91338.00000000,91338.0,1.38403,1767561359999,126427.79186800,550,0.58925000,53826.65696030,0
1767561360000,91338.01,91355.00000000,91338.00000000,91348.59,7.54344,1767561419999,689016.28451670,643,7.10262000,648749.27178940,0
1767561420000,91348.6,91348.60000000,91338.00000000,91338.0,0.7253,1767561479999,66252.08692740,220,0.41953000,38321.17609950,0
1767561480000,91338.01,91346.30000000,91338.00000000,91338.01,1.94399,1767561539999,177562.98539170,441,1.46537000,133845.91113140,0
1767561540000,91338.01,91338.01000000,91312.38000000,91312.39,2.3221,1767561599999,212078.87094670,407,0.13311000,12156.35870600,0
1767561600000,91312.38,91325.20000000,91312.38000000,91325.19,2.24214,1767561659999,204743.76042460,516,1.90275000,173751.25953670,0
1767561660000,91325.19,91325.20000000,91325.19000000,91325.2,1.25032,1767561719999,114185.72088220,226,0.93214000,85127.87192800,0
1767561720000,91325.2,91325.20000000,91318.79000000,91318.79,0.96265,1767561779999,87913.15553660,253,0.11527000,10526.96095600,0
1767561780000,91318.79,91318.80000000,91308.01000000,91308.02,2.85846,1767561839999,261013.52715760,393,0.30591000,27932.07035520,0
1767561840000,91308.02,91318.40000000,91308.01000000,91318.4,0.85738,1767561899999,78291.05590780,429,0.68482000,62533.32974380,0
1767561900000,91318.4,91318.40000000,91318.39000000,91318.39,1.39826,1767561959999,127686.86351900,143,1.15176000,105176.88038400,0
1767561960000,91318.39,91344.00000000,91318.39000000,91344.0,2.84496,1767562019999,259819.89817670,882,2.70230000,246791.03150010,0
1767562020000,91344.0,91344.00000000,91343.99000000,91343.99,0.53304,1767562079999,48690.00144480,144,0.10152000,9273.24288000,0
1767562080000,91344.0,91344.00000000,91322.88000000,91322.88,1.46332,1767562139999,133645.17008340,555,0.45902000,41919.66639220,0
1767562140000,91322.89,91322.89000000,91312.00000000,91312.0,3.45952,1767562199999,315908.12759840,495,0.82536000,75365.71764860,0
1767562200000,91312.0,91321.38000000,91312.00000000,91321.38,1.64326,1767562259999,150055.81677760,447,0.87785000,80160.22134880,0
1767562260000,91321.38,91326.00000000,91321.37000000,91325.99,1.48792,1767562319999,135879.89078950,319,1.38899000,126845.37400800,0
1767562320000,91326.0,91326.00000000,91300.00000000,91300.0,1.90431,1767562379999,173887.48361170,585,0.07914000,7227.10488880,0
1767562380000,91300.01,91300.01000000,91292.00000000,91292.0,1.73846,1767562439999,158720.44641660,273,0.08553000,7808.74681530,0
1767562440000,91292.0,91327.43000000,91292.00000000,91327.43,1.78781,1767562499999,163238.11951340,1202,1.61390000,147358.87265480,0
1767562500000,91327.42,91332.00000000,91327.42000000,91332.0,0.92448,1767562559999,84433.83232820,353,0.80210000,73256.63564460,0
1767562560000,91332.0,91332.00000000,91331.99000000,91331.99,0.5669,1767562619999,51776.10683780,158,0.17068000,15588.54576000,0
1767562620000,91332.0,91342.51000000,91331.99000000,91342.51,1.12205,1767562679999,102487.49027760,470,0.90546000,82704.35387440,0
1767562680000,91342.5,91344.00000000,91326.00000000,91326.0,1.5289,1767562739999,139649.08000150,642,0.55159000,50382.13243710,0
1767562740000,91326.01,91326.01000000,91294.00000000,91294.0,1.0155,1767562799999,92723.06619070,846,0.28568000,26083.24653940,0
1767562800000,91294.0,91294.01000000,91254.00000000,91254.0,2.51986,1767562859999,230011.93742570,1135,0.13711000,12514.40577030,0
1767562860000,91254.0,91254.01000000,91244.12000000,91244.12,1.05505,1767562919999,96275.64741430,410,0.52806000,48187.48857840,0
1767562920000,91244.12,91245.60000000,91232.12000000,91232.13,4.86192,1767562979999,443612.80536810,639,1.46450000,133626.45404140,0
1767562980000,91232.12,91232.13000000,91224.00000000,91224.0,0.58647,1767563039999,53504.42451340,335,0.12246000,11172.26733480,0
1767563040000,91224.01,91224.01000000,91212.00000000,91212.0,1.12307,1767563099999,102438.87406270,366,0.50352000,45927.08347520,0
1767563100000,91212.0,91212.01000000,91182.71000000,91182.71,3.3172,1767563159999,302534.05414070,660,0.24028000,21913.77688970,0
1767563160000,91182.71,91206.00000000,91182.71000000,91190.92,4.96783,1767563219999,453045.80235390,1049,2.27865000,207793.31189060,0
1767563220000,91190.93,91197.32000000,91190.92000000,91197.32,0.73485,1767563279999,67014.68389610,287,0.27595000,25164.52492860,0
1767563280000,91197.32,91197.32000000,91197.31000000,91197.32,0.6753,1767563339999,61585.54562170,113,0.21787000,19869.16010840,0
1767563340000,91197.32,91197.32000000,91190.92000000,91190.92,0.99404,1767563399999,90653.25897050,325,0.30590000,27897.21616090,0
1767563400000,91190.92,91190.93000000,91190.92000000,91190.92,0.31747,1767563459999,28950.38317140,136,0.17990000,16405.24830700,0
1767563460000,91190.92,91203.69000000,91190.92000000,91203.68,1.95535,1767563519999,178318.20713040,463,1.58785000,144801.78365840,0
1767563520000,91203.68,91223.26000000,91203.68000000,91223.26,4.02427,1767563579999,367078.44659860,796,2.64889000,241617.13768820,0
1767563580000,91223.25,91249.56000000,91223.25000000,91249.56,5.09116,1767563639999,464446.64473250,755,4.64562000,423801.96160270,0
1767563640000,91249.56,91294.00000000,91249.55000000,91294.0,5.8873,1767563699999,537351.11315700,960,5.46087000,498421.98791170,0
1767563700000,91294.0,91294.00000000,91293.99000000,91294.0,0.93307,1767563759999,85183.68639140,217,0.31421000,28685.48774000,0
1767563760000,91293.99,91294.00000000,91293.99000000,91293.99,0.73406,1767563819999,67015.27074910,189,0.44497000,40623.09118000,0
1767563820000,91294.0,91294.00000000,91276.50000000,91276.51,1.36949,1767563879999,125017.76796730,630,0.10847000,9901.47119300,0
1767563880000,91276.5,91276.51000000,91268.88000000,91268.88,1.89963,1767563939999,173381.31588420,322,0.12350000,11271.94543040,0
1767563940000,91268.89,91279.99000000,91268.88000000,91279.99,1.94517,1767563999999,177536.74267390,398,1.67459000,152840.15784250,0
1767564000000,91279.99,91279.99000000,91252.49000000,91252.49,1.88098,1767564059999,171668.37577240,1026,0.39872000,36387.59658900,0
1767564060000,91252.5,91296.81000000,91252.49000000,91296.81,2.0371,1767564119999,185937.12776580,1373,1.78172000,162625.78058310,0
1767564120000,91296.81,91316.00000000,91296.80000000,91316.0,2.86838,1767564179999,261896.86176530,1149,2.60342000,237705.07317050,0
1767564180000,91315.99,91338.00000000,91315.99000000,91338.0,2.40936,1767564239999,220034.54872480,695,1.86643000,170446.00507800,0
1767564240000,91337.99,91375.99000000,91337.99000000,91375.99,5.11833,1767564299999,467581.40470860,1623,3.90232000,356488.36392540,0
1767564300000,91375.99,91401.98000000,91375.98000000,91401.98,4.0848,1767564359999,373303.26867400,983,3.65214000,333764.32812960,0
1767564360000,91401.97,91401.98000000,91336.00000000,91336.0,4.89443,1767564419999,447209.61498540,1895,0.48067000,43912.36318620,0
1767564420000,91336.0,91336.01000000,91336.00000000,91336.0,3.10147,1767564479999,283275.86586010,180,0.19401000,17720.09930010,0
1767564480000,91336.0,91350.00000000,91336.00000000,91349.99,1.47482,1767564539999,134709.55859780,505,1.21135000,110642.63118310,0
1767564540000,91350.0,91350.00000000,91349.99000000,91349.99,0.79297,1767564599999,72437.80391740,160,0.23471000,21440.75850000,0
1767564600000,91349.99,91350.00000000,91349.99000000,91350.0,0.29029,1767564659999,26517.99000610,117,0.14090000,12871.21500000,0
1767564660000,91349.99,91350.00000000,91349.99000000,91350.0,2.19243,1767564719999,200278.46797560,179,0.93999000,85868.08650000,0
1767564720000,91349.99,91350.00000000,91349.99000000,91350.0,0.36213,1767564779999,33080.57328310,111,0.14044000,12829.19400000,0
1767564780000,91349.99,91349.99000000,91150.47000000,91172.27,16.15686,1767564839999,1474272.19690950,5386,5.45356000,497463.94115450,0
1767564840000,91172.27,91195.97000000,91172.27000000,91191.59,2.29548,1767564899999,209324.00055990,895,1.68081000,153271.07981410,0
1767564900000,91191.59,91191.59000000,91150.47000000,91150.48,4.21638,1767564959999,384398.43254230,1079,0.90510000,82509.12000110,0
1767564960000,91150.48,91204.33000000,91150.48000000,91204.32,1.9069,1767565019999,173881.30344630,1252,1.77072000,161462.71309890,0
1767565020000,91204.32,91204.33000000,91195.67000000,91195.68,3.09015,1767565079999,281833.29369100,413,0.97862000,89253.50440110,0
1767565080000,91195.67,91195.68000000,91195.67000000,91195.68,0.64784,1767565139999,59080.20785610,179,0.50033000,45627.93457440,0
1767565140000,91195.67,91236.00000000,91195.67000000,91235.99,16.06632,1767565199999,1465337.45832260,1340,15.71481000,1433269.38761370,0
1767565200000,91235.99,91236.00000000,91235.99000000,91235.99,2.21657,1767565259999,202230.97755480,231,1.92005000,175177.68180000,0
1767565260000,91236.0,91236.00000000,91235.99000000,91235.99,0.38337,1767565319999,34977.14363160,148,0.21453000,19572.85908000,0
1767565320000,91235.99,91236.00000000,91235.99000000,91236.0,1.01319,1767565379999,92439.40033530,152,0.76272000,69587.52192000,0
1767565380000,91236.0,91244.00000000,91235.99000000,91244.0,1.93119,1767565439999,176202.25373440,406,0.94972000,86651.42838910,0
1767565440000,91244.0,91244.04000000,91224.00000000,91224.01,6.55066,1767565499999,597697.38216050,825,4.37562000,399246.69662960,0
1767565500000,91224.01,91226.01000000,91224.00000000,91226.01,5.40304,1767565559999,492887.83783690,360,5.06248000,461819.96019690,0
1767565560000,91226.0,91232.57000000,91226.00000000,91232.56,0.3317,1767565619999,30260.24772870,205,0.24683000,22517.55205270,0
1767565620000,91232.57,91232.57000000,91232.56000000,91232.57,0.39178,1767565679999,35743.09496840,101,0.26116000,23826.29798120,0
1767565680000,91232.57,91282.00000000,91232.56000000,91282.0,1.89544,1767565739999,172969.22665710,1441,1.56593000,142897.76313240,0
1767565740000,91281.99,91285.38000000,91281.99000000,91285.37,1.48599,1767565799999,135644.84180320,242,1.13995000,104057.46295460,0
1767565800000,91285.37,91285.38000000,91267.83000000,91282.86,4.9963,1767565859999,456060.70240490,679,1.41333000,129011.19293100,0
1767565860000,91282.87,91285.37000000,91270.00000000,91285.36,1.48985,1767565919999,135995.45382610,584,0.55805000,50939.48657680,0
1767565920000,91285.36,91285.37000000,91285.36000000,91285.36,0.72075,1767565979999,65793.92459090,131,0.13709000,12514.31137330,0
1767565980000,91285.36,91292.00000000,91256.00000000,91256.0,2.17565,1767566039999,198595.37344810,1104,0.69108000,63084.27138290,0
1767566040000,91256.0,91256.01000000,91247.34000000,91250.11,2.71362,1767566099999,247628.12804070,436,0.29495000,26913.78092910,0
1767566100000,91250.12,91250.12000000,91250.11000000,91250.12,0.76486,1767566159999,69793.56194990,164,0.28153000,25689.64628360,0
1767566160000,91250.12,91254.00000000,91240.99000000,91253.99,2.91637,1767566219999,266114.57584840,691,2.01922000,184249.99324430,0
1767566220000,91254.0,91254.00000000,91216.88000000,91216.89,2.08187,1767566279999,189952.26050410,794,0.13131000,11980.20461120,0
1767566280000,91216.89,91246.00000000,91191.99000000,91191.99,3.9857,1767566339999,363599.54837000,1923,2.90776000,265264.10040680,0
1767566340000,91192.0,91192.00000000,91182.71000000,91182.71,0.67417,1767566399999,61473.29036480,464,0.33072000,30156.02291780,0
1767566400000,91182.72,91201.62000000,91182.72000000,91184.01,2.69883,1767566459999,246115.82792860,873,1.55191000,141516.74139380,0
1767566460000,91184.0,91226.00000000,91180.00000000,91225.99,1.92653,1767566519999,175707.84995560,1160,1.69015000,154149.70639380,0
1767566520000,91225.99,91226.00000000,91225.99000000,91225.99,0.87163,1767566579999,79515.31508400,171,0.54203000,49447.22878000,0
1767566580000,91225.99,91226.00000000,91212.90000000,91212.9,2.58419,1767566639999,235738.81201020,541,1.62261000,148022.66044830,0
1767566640000,91212.9,91212.91000000,91203.73000000,91203.74,0.44623,1767566699999,40699.54397200,274,0.21499000,19608.85096950,0
1767566700000,91203.74,91205.42000000,91190.99000000,91205.41,1.42268,1767566759999,129744.09757420,835,1.07822000,98329.58470740,0
1767566760000,91205.41,91218.91000000,91205.41000000,91218.9,0.40001,1767566819999,36485.00475330,378,0.22477000,20501.47011960,0
1767566820000,91218.91,91239.50000000,91218.90000000,91239.5,0.47592,1767566879999,43416.37074150,557,0.37093000,33838.37336600,0
1767566880000,91239.5,91253.27000000,91239.49000000,91253.26,0.35915,1767566939999,32770.74413610,579,0.25422000,23196.45626410,0
1767566940000,91253.27,91253.27000000,91222.00000000,91222.01,1.67212,1767566999999,152569.76630540,851,0.06605000,6025.48911280,0
1767567000000,91222.0,91222.01000000,91222.00000000,91222.0,0.34123,1767567059999,31127.68506380,153,0.20038000,18279.06636380,0
1767567060000,91222.01,91222.01000000,91211.44000000,91211.45,0.39276,1767567119999,35825.25336220,326,0.08086000,7375.71262940,0
1767567120000,91211.45,91211.45000000,91205.76000000,91205.77,0.30107,1767567179999,27460.05372370,223,0.16724000,15253.74497130,0
1767567180000,91205.76,91205.77000000,91204.00000000,91204.0,0.69991,1767567239999,63835.77944570,192,0.09485000,8650.84353770,0
1767567240000,91204.01,91204.01000000,91182.64000000,91182.64,0.58257,1767567299999,53124.50063220,526,0.14917000,13602.30724280,0
1767567300000,91182.64,91182.65000000,91177.10000000,91177.1,1.61088,1767567359999,146878.04161120,191,0.13697000,12488.96798830,0
1767567360000,91177.11,91177.11000000,91177.10000000,91177.1,0.91459,1767567419999,83389.66600300,130,0.21140000,19274.84105400,0
1767567420000,91177.11,91200.68000000,91177.10000000,91189.74,4.97493,1767567479999,453639.30040320,930,3.93214000,358540.21089550,0
1767567480000,91189.75,91221.66000000,91189.74000000,91221.65,2.93957,1767567539999,268073.74399560,1172,2.54559000,232143.21852140,0
1767567540000,91221.66,91264.35000000,91220.00000000,91220.01,3.40846,1767567599999,310994.87362080,1750,1.65730000,151211.27753040,0
1767567600000,91220.0,91295.00000000,91220.00000000,91294.99,2.60757,1767567659999,237973.54538010,1575,2.07080000,188979.44225320,0
1767567660000,91295.0,91524.43000000,91294.99000000,91475.69,41.57421,1767567719999,3802352.90439150,6585,28.08724000,2568718.21947560,0
1767567720000,91475.69,91512.62000000,91441.68000000,91461.24,10.16777,1767567779999,930095.82776380,2824,4.48062000,409848.98657170,0
1767567780000,91461.24,91490.68000000,91418.88000000,91490.65,6.6594,1767567839999,609165.70180730,2918,4.67089000,427275.10674850,0
1767567840000,91490.66,91514.95000000,91447.54000000,91473.6,25.96455,1767567899999,2375450.31455820,2588,23.30448000,2132082.64074810,0
1767567900000,91473.6,91490.68000000,91424.90000000,91424.91,7.30188,1767567959999,667859.66082220,2223,3.12804000,286109.19889210,0
1767567960000,91424.9,91448.00000000,91406.00000000,91448.0,2.48789,1767568019999,227450.19163130,1698,1.28684000,117647.94688830,0
1767568020000,91448.0,91490.68000000,91411.44000000,91411.44,6.56842,1767568079999,600764.72896860,2699,1.96733000,179946.94048350,0
1767568080000,91411.44,91459.99000000,91411.44000000,91451.15,6.28212,1767568139999,574502.81540150,1675,1.72936000,158122.54633040,0
1767568140000,91451.14,91460.00000000,91424.90000000,91424.9,5.92266,1767568199999,541612.90600320,968,1.88163000,172053.43187750,0
1767568200000,91424.91,91454.00000000,91424.90000000,91451.68,2.14817,1767568259999,196413.66754400,1324,1.42085000,129908.16998060,0
1767568260000,91451.69,91466.72000000,91447.50000000,91466.72,1.25114,1767568319999,114428.13025700,786,0.32126000,29382.05723510,0
1767568320000,91466.72,91482.78000000,91443.18000000,91443.18,4.106,1767568379999,375540.56866430,1097,1.58027000,144516.24694910,0
1767568380000,91443.19,91443.19000000,91326.76000000,91331.35,4.31125,1767568439999,393997.54594110,2840,1.62616000,148600.91234380,0
1767568440000,91331.35,91341.98000000,91296.07000000,91333.33,7.1772,1767568499999,655386.94167420,2198,3.15268000,287864.19709040,0
1767568500000,91333.33,91359.70000000,91284.00000000,91284.23,6.20882,1767568559999,567057.08109790,2051,2.04649000,186923.53835770,0
1767568560000,91284.22,91340.00000000,91284.22000000,91340.0,1.45447,1767568619999,132815.89885660,951,1.17626000,107408.11334350,0
1767568620000,91340.0,91354.72000000,91317.47000000,91335.45,2.68267,1767568679999,245015.69742070,1520,2.07336000,189362.64972050,0
1767568680000,91335.44,91340.23000000,91321.06000000,91321.14,2.8507,1767568739999,260349.32071760,1035,1.80006000,164394.33899690,0
1767568740000,91321.15,91379.06000000,91321.14000000,91379.06,1.90419,1767568799999,173941.46474060,1010,1.63251000,149122.89544020,0
1767568800000,91379.05,91388.03000000,91370.49000000,91380.92,2.78788,1767568859999,254765.37061540,673,1.42429000,130151.79642480,0
1767568860000,91380.91,91436.00000000,91375.70000000,91392.74,3.60048,1767568919999,329116.39992090,2216,2.41137000,220414.39925130,0
1767568920000,91392.73,91452.98000000,91388.17000000,91452.97,1.88644,1767568979999,172444.86277180,1105,1.30347000,119160.66221440,0
1767568980000,91452.98,91522.87000000,91440.57000000,91509.74,15.11525,1767569039999,1382802.96952410,2397,9.47440000,866582.54758390,0
1767569040000,91509.74,91509.75000000,91417.62000000,91417.63,4.84546,1767569099999,443146.74850400,2161,0.12627000,11550.93889140,0
1767569100000,91417.62,91456.00000000,91375.70000000,91422.48,7.73316,1767569159999,706982.66409150,2735,4.15207000,379567.89659630,0
1767569160000,91422.49,91480.00000000,91422.48000000,91480.0,2.04965,1767569219999,187458.51129700,912,1.59000000,145420.51092420,0
1767569220000,91479.99,91503.13000000,91479.99000000,91482.01,2.68161,1767569279999,245354.34228050,853,1.35920000,124359.92210720,0
1767569280000,91482.0,91482.01000000,91344.60000000,91372.55,5.70299,1767569339999,521316.34145590,2630,1.59338000,145581.17225230,0
1767569340000,91372.56,91372.56000000,91346.72000000,91372.55,3.15706,1767569399999,288427.79961680,1121,1.85706000,169656.09184600,0
1767569400000,91372.56,91383.13000000,91345.12000000,91347.57,7.68946,1767569459999,702497.35388290,2141,4.90882000,448454.20688450,0
1767569460000,91347.57,91358.90000000,91329.29000000,91358.34,6.90538,1767569519999,630756.86104480,1271,4.75091000,433978.92047010,0
1767569520000,91358.34,91358.34000000,91332.23000000,91341.47,3.18468,1767569579999,290905.06589030,1025,1.40125000,127994.11204720,0
1767569580000,91341.47,91353.35000000,91322.41000000,91349.81,2.31242,1767569639999,211214.16347730,1075,0.90823000,82962.34269680,0
1767569640000,91349.8,91388.03000000,91322.62000000,91388.02,2.17271,1767569699999,198492.14377370,1436,1.46558000,133896.64489200,0
1767569700000,91388.03,91437.44000000,91384.24000000,91384.25,3.6058,1767569759999,329625.86705130,2207,1.79148000,163764.22215240,0
1767569760000,91384.25,91384.25000000,91342.95000000,91345.91,1.12743,1767569819999,103010.57220200,850,0.23177000,21175.12136000,0
1767569820000,91345.92,91345.92000000,91300.32000000,91320.07,2.64349,1767569879999,241404.55952230,1443,0.43239000,39483.48437670,0
1767569880000,91320.07,91348.12000000,91316.61000000,91340.52,8.79065,1767569939999,802947.38684140,1212,1.41292000,129043.59644620,0
1767569940000,91340.53,91360.00000000,91340.52000000,91360.0,0.94761,1767569999999,86565.35970600,328,0.68709000,62765.78189760,0
1767570000000,91360.0,91360.00000000,91332.07000000,91336.24,1.55482,1767570059999,142034.22346260,702,0.33640000,30728.24948260,0
1767570060000,91336.24,91342.76000000,91300.00000000,91342.75,2.38743,1767570119999,218019.14848120,1474,1.18315000,108048.57724540,0
1767570120000,91342.76,91342.76000000,91320.82000000,91333.85,1.03331,1767570179999,94370.56024490,739,0.66943000,61135.32130570,0
1767570180000,91332.94,91333.43000000,91312.30000000,91320.38,16.9858,1767570239999,1551261.67030880,1079,0.78731000,71900.20581380,0
1767570240000,91320.39,91320.39000000,91320.38000000,91320.39,0.53947,1767570299999,49264.60823800,194,0.28394000,25929.51153660,0
1767570300000,91320.39,91320.42000000,91305.52000000,91306.51,2.86211,1767570359999,261356.24582580,942,0.72607000,66296.66192060,0
1767570360000,91306.52,91320.42000000,91297.44000000,91299.05,10.00831,1767570419999,913871.47427760,992,6.08121000,555263.28414800,0
1767570420000,91299.05,91317.91000000,91299.05000000,91317.91,0.83117,1767570479999,75896.64083080,468,0.71617000,65395.15790970,0
1767570480000,91317.9,91317.90000000,91269.69000000,91277.54,4.5806,1767570539999,418138.30789960,1166,0.18080000,16504.19112700,0
1767570540000,91277.55,91372.76000000,91277.55000000,91332.38,11.80639,1767570599999,1078188.42888570,2650,10.56429000,964712.21362170,0
1767570600000,91332.37,91420.05000000,91332.37000000,91407.57,5.69169,1767570659999,520193.55886580,2792,4.31003000,393906.63024260,0
1767570660000,91407.56,91440.00000000,91407.56000000,91407.57,2.88291,1767570719999,263562.97538460,1467,1.85319000,169422.19021610,0
1767570720000,91407.57,91461.07000000,91400.77000000,91421.09,8.42822,1767570779999,770625.27270620,2132,2.83032000,258770.00081030,0
1767570780000,91421.09,91444.97000000,91416.51000000,91416.52,2.71191,1767570839999,247962.54880350,810,1.23891000,113273.02584050,0
1767570840000,91416.52,91432.97000000,91416.51000000,91430.88,5.5619,1767570899999,508493.78362530,1074,4.51549000,412825.03551790,0
1767570900000,91430.88,91437.18000000,91399.99000000,91399.99,10.07719,1767570959999,921223.70861280,1075,2.01791000,184466.42541020,0
1767570960000,91400.0,91418.34000000,91399.99000000,91418.34,25.20174,1767571019999,2303454.76837550,732,24.91774000,2277497.08410050,0
1767571020000,91418.34,91450.00000000,91413.12000000,91449.99,3.94739,1767571079999,360895.05270220,1165,3.19996000,292561.81424010,0
1767571080000,91450.0,91481.06000000,91439.02000000,91481.05,3.06548,1767571139999,280373.61896460,995,1.88057000,172005.89918450,0
1767571140000,91481.05,91590.00000000,91471.30000000,91529.73,29.70335,1767571199999,2718992.21756330,3845,21.73557000,1989605.14287580,0
1767571200000,91529.74,91592.43000000,91514.81000000,91592.43,21.90043,1767571259999,2005031.60890700,4460,14.35269000,1313957.65364870,0
1767571260000,91592.42,92059.13000000,91592.42000000,91891.33,561.74615,1767571319999,51646297.74759990,25542,403.77869000,37124828.54124910,0
1767571320000,91891.32,92000.00000000,91846.79000000,91934.63,53.62903,1767571379999,4930045.90388970,11135,24.61645000,2263120.15393940,0
1767571380000,91934.64,92032.29000000,91934.64000000,92032.28,34.96891,1767571439999,3216469.16947950,6508,17.92659000,1649115.92461170,0
1767571440000,92032.29,92070.00000000,91827.01000000,91827.01,72.04834,1767571499999,6627779.91546160,9995,25.52741000,2348733.69173040,0
1767571500000,91827.02,91842.28000000,91719.75000000,91749.52,40.41699,1767571559999,3709515.31158250,7646,15.14729000,1389930.43836710,0
1767571560000,91749.52,91783.47000000,91695.44000000,91717.19,21.99047,1767571619999,2017055.91032740,5250,5.76053000,528459.00017710,0
1767571620000,91717.18,91828.00000000,91717.18000000,91827.99,30.36554,1767571679999,2786083.27659430,4482,18.37617000,1685979.56563910,0
1767571680000,91827.99,91837.99000000,91715.34000000,91740.0,13.52095,1767571739999,1241042.70985090,5077,3.31857000,304533.69874880,0
1767571740000,91739.99,91769.23000000,91709.22000000,91752.22,22.51314,1767571799999,2065329.43608230,5195,9.18245000,842374.37086650,0
1767571800000,91750.73,91764.93000000,91712.01000000,91722.22,18.33696,1767571859999,1682320.82716850,2740,11.92299000,1093916.57557770,0
1767571860000,91722.23,91769.32000000,91690.00000000,91769.31,16.20704,1767571919999,1486755.71695320,4438,3.97038000,364210.20978250,0
1767571920000,91769.32,91804.00000000,91742.02000000,91762.42,48.12065,1767571979999,4415943.43787370,4638,14.35549000,1317384.72846560,0
1767571980000,91762.43,91874.69000000,91762.42000000,91874.69,13.25218,1767572039999,1217016.06761700,4606,12.09351000,1110595.14250140,0
1767572040000,91874.69,91937.27000000,91861.65000000,91895.35,23.48398,1767572099999,2158121.13242290,4112,19.40741000,1783472.18949960,0
1767572100000,91895.35,91983.26000000,91895.35000000,91953.21,28.88449,1767572159999,2655909.82059120,6451,22.49885000,2068726.48670050,0
1767572160000,91953.21,91999.99000000,91895.79000000,91983.71,16.11619,1767572219999,1481982.45651990,5496,12.49790000,1149303.48089490,0
1767572220000,91983.71,91983.71000000,91917.58000000,91917.59,12.20116,1767572279999,1121754.89795550,3332,7.70720000,708587.62923090,0
1767572280000,91917.58,91979.69000000,91888.00000000,91891.51,13.58523,1767572339999,1249034.76673490,4184,8.02743000,738066.57750830,0
1767572340000,91891.51,91966.04000000,91891.51000000,91920.81,40.68407,1767572399999,3740265.46050230,4938,12.11457000,1113651.21454000,0
1767572400000,91920.81,91920.81000000,91852.66000000,91909.98,18.88696,1767572459999,1735645.42112370,2803,10.61682000,975648.54048680,0
1767572460000,91909.99,91935.95000000,91885.00000000,91897.96,31.20433,1767572519999,2868098.36547170,3472,18.07440000,1661106.86676850,0
1767572520000,91897.95,91897.95000000,91809.83000000,91809.83,15.52594,1767572579999,1426097.04753340,4426,6.35041000,583291.98635060,0
1767572580000,91809.84,91809.84000000,91703.15000000,91766.86,19.14991,1767572639999,1757351.16335960,5020,6.72419000,617002.69179480,0
1767572640000,91766.85,91780.00000000,91712.50000000,91776.96,28.78612,1767572699999,2641221.42465530,4524,18.43054000,1691050.00469020,0
1767572700000,91776.97,91790.00000000,91750.92000000,91750.92,18.87929,1767572759999,1732715.28533390,4796,6.91462000,634610.18826410,0
1767572760000,91750.92,91797.83000000,91737.32000000,91782.68,13.97254,1767572819999,1282336.01219400,3490,8.70299000,798736.25470820,0
1767572820000,91782.68,91868.97000000,91782.68000000,91868.96,19.51289,1767572879999,1791924.87905240,4998,14.20592000,1304535.78229550,0
1767572880000,91868.97,91868.97000000,91827.01000000,91830.76,14.2088,1767572939999,1305080.05787840,2243,5.96719000,548048.82465730,0
1767572940000,91830.76,91877.80000000,91830.76000000,91847.38,16.1315,1767572999999,1481780.10897670,2836,7.41272000,680903.73520410,0
1767573000000,91847.37,91853.30000000,91768.00000000,91786.32,15.97972,1767573059999,1467142.48396070,3423,6.30161000,578558.32757370,0
1767573060000,91786.32,91815.84000000,91780.99000000,91798.63,10.74962,1767573119999,986735.63321370,2052,7.20653000,661508.40870980,0
1767573120000,91798.63,91798.64000000,91729.91000000,91749.56,15.00618,1767573179999,1376963.70834280,4271,8.41173000,771796.23426100,0
1767573180000,91749.56,91756.00000000,91710.36000000,91745.65,13.85018,1767573239999,1270483.11370860,2961,7.25795000,665790.28737790,0
1767573240000,91745.65,91846.98000000,91745.64000000,91846.97,11.97756,1767573299999,1099336.75446860,3432,7.70583000,707317.59030870,0
1767573300000,91846.98,91858.97000000,91809.19000000,91827.16,15.74292,1767573359999,1445709.39864900,2940,7.68234000,705537.95049750,0
1767573360000,91827.17,91848.01000000,91811.64000000,91824.01,9.10176,1767573419999,835823.27046720,2668,5.51821000,506737.91771390,0
1767573420000,91824.01,91869.51000000,91824.00000000,91845.32,11.31508,1767573479999,1039190.56266120,2808,5.98455000,549623.40965910,0
1767573480000,91845.32,91881.40000000,91838.27000000,91843.83,13.73766,1767573539999,1261989.59294940,2654,9.21164000,846162.83024020,0
1767573540000,91843.84,91888.00000000,91825.74000000,91887.28,14.42819,1767573599999,1325319.53899140,3999,10.28146000,944437.14049810,0
1767573600000,91887.27,91900.00000000,91865.38000000,91899.99,9.60629,1767573659999,882677.66886910,2506,7.15713000,657638.88711580,0
1767573660000,91900.0,91957.47000000,91851.31000000,91957.46,16.31254,1767573719999,1499257.20578300,4594,11.59673000,1065863.77735880,0
1767573720000,91957.47,92034.38000000,91937.90000000,92020.0,24.45078,1767573779999,2249285.31026580,3686,18.37267000,1690087.59029180,0
1767573780000,92019.99,92047.39000000,92009.90000000,92021.33,62.76306,1767573839999,5775485.72983240,3461,11.24260000,1034617.13134770,0
1767573840000,92021.33,92062.74000000,92012.11000000,92043.61,33.72739,1767573899999,3104364.61059940,3223,29.40041000,2706118.16089690,0
1767573900000,92043.61,92182.34000000,92043.60000000,92043.61,57.17793,1767573959999,5266848.05125720,9464,25.84258000,2380142.20816380,0
1767573960000,92043.61,92104.24000000,91973.81000000,92100.71,19.39637,1767574019999,1785404.08760930,5167,11.25488000,1036071.46559730,0
1767574020000,92100.7,92139.08000000,92076.60000000,92133.54,14.26032,1767574079999,1313489.28740020,3175,9.76918000,899810.18020860,0
1767574080000,92133.55,92220.00000000,92124.00000000,92212.84,35.58035,1767574139999,3280083.98520170,5537,30.25232000,2788790.19355600,0
1767574140000,92212.84,92330.00000000,92212.83000000,92288.86,58.44856,1767574199999,5393517.63213430,7911,32.16191000,2967421.07459000,0
1767574200000,92288.85,92338.38000000,92271.92000000,92309.79,48.8116,1767574259999,4506266.79899280,6897,38.90216000,3591496.19856160,0
1767574260000,92309.79,92332.13000000,92200.00000000,92256.72,28.66543,1767574319999,2645279.91133030,5941,9.18853000,848008.19669870,0
1767574320000,92256.72,92256.72000000,92191.68000000,92234.84,23.66502,1767574379999,2182047.40960030,4372,14.76608000,1361479.65945810,0
1767574380000,92234.85,92410.83000000,92215.19000000,92361.91,51.82819,1767574439999,4785016.14643590,7087,35.12309000,3242557.82299170,0
1767574440000,92361.91,92373.00000000,92252.00000000,92292.99,28.23971,1767574499999,2606982.23251310,5803,10.47412000,966777.03494380,0
1767574500000,92292.99,92292.99000000,92246.68000000,92284.89,24.89923,1767574559999,2297539.82870490,3475,9.60119000,885896.51895730,0
1767574560000,92284.88,92370.00000000,92284.88000000,92357.27,21.21059,1767574619999,1958608.78928850,5200,15.22413000,1405755.90311990,0
1767574620000,92357.28,92426.82000000,92312.98000000,92401.06,30.09859,1767574679999,2779849.50978880,5454,12.15831000,1123059.46771530,0
1767574680000,92401.05,92426.81000000,92386.00000000,92409.06,17.45245,1767574739999,1612633.80060740,3459,10.75765000,994020.68648980,0
1767574740000,92409.06,92426.82000000,92357.26000000,92405.46,23.15919,1767574799999,2139884.76224170,3199,11.48023000,1060760.07928690,0
1767574800000,92405.46,92476.00000000,92311.90000000,92343.43,30.43307,1767574859999,2812212.13193270,10146,17.55785000,1622450.06615990,0
1767574860000,92343.43,92372.76000000,92280.69000000,92356.33,17.98324,1767574919999,1660246.63731880,5734,10.92739000,1008843.16166630,0
1767574920000,92356.32,92497.00000000,92353.99000000,92457.57,23.43968,1767574979999,2166860.83342230,6713,16.79426000,1552550.29219530,0
1767574980000,92457.57,92472.44000000,92389.46000000,92412.06,17.59974,1767575039999,1626560.00878300,5472,9.50535000,878463.50100350,0
1767575040000,92412.06,92497.00000000,92394.89000000,92474.01,19.19348,1767575099999,1774703.64413940,4057,14.44965000,1336034.00438020,0
1767575100000,92474.01,92499.69000000,92424.00000000,92482.93,20.47318,1767575159999,1892987.77719370,4611,12.17057000,1125430.74508500,0
1767575160000,92482.94,92578.40000000,92482.93000000,92540.01,61.8124,1767575219999,5719051.70911820,7091,51.68812000,4782100.11461020,0
1767575220000,92540.01,92857.14000000,92540.00000000,92736.71,175.74322,1767575279999,16298894.39230800,17836,114.82802000,10647499.53186600,0
1767575280000,92739.57,92936.56000000,92739.57000000,92851.12,68.97913,1767575339999,6407167.39112780,9717,45.67803000,4242701.45738710,0
1767575340000,92851.12,92917.10000000,92813.53000000,92911.36,24.51451,1767575399999,2276382.35665860,5042,17.64302000,1638383.21620490,0
1767575400000,92911.36,92911.36000000,92675.31000000,92692.31,47.05278,1767575459999,4365807.06929700,6910,12.21501000,1133658.83668480,0
1767575460000,92692.3,92753.76000000,92680.38000000,92730.97,33.52993,1767575519999,3108788.55414000,4833,16.10730000,1493409.02385060,0
1767575520000,92730.96,92786.00000000,92692.31000000,92785.06,18.22056,1767575579999,1689573.66471020,4454,13.26585000,1230146.78999490,0
1767575580000,92785.06,92839.99000000,92785.06000000,92837.05,19.61957,1767575639999,1821009.41321540,3607,14.11984000,1310513.12888720,0
1767575640000,92837.04,92986.40000000,92837.04000000,92954.39,62.36969,1767575699999,5796523.16581410,5877,45.89242000,4264972.17231940,0
1767575700000,92954.4,92975.39000000,92930.94000000,92930.95,28.25349,1767575759999,2626007.29772340,5465,18.03149000,1675903.62386830,0
1767575760000,92930.95,92975.09000000,92873.43000000,92975.09,25.33075,1767575819999,2353822.32982270,5317,16.02180000,1488743.91339400,0
1767575820000,92975.09,92975.09000000,92785.05000000,92835.5,23.08682,1767575879999,2144452.82920230,7431,8.21825000,763392.31451220,0
1767575880000,92835.49,92864.28000000,92785.07000000,92827.99,43.03252,1767575939999,3993851.41953060,5033,17.41604000,1616332.59496000,0
1767575940000,92827.99,92845.84000000,92707.04000000,92845.83,34.40052,1767575999999,3190856.93785090,5917,13.24012000,1228160.57792760,0
1767576000000,92845.84,92906.72000000,92821.02000000,92875.81,20.75191,1767576059999,1927370.62963100,5155,13.67029000,1269651.65893210,0
1767576060000,92875.8,92885.09000000,92771.93000000,92788.27,22.58325,1767576119999,2096677.42326510,3213,11.03546000,1024567.28403040,0
1767576120000,92788.27,92836.46000000,92756.84000000,92831.68,12.34542,1767576179999,1145500.45498740,3718,7.10838000,659592.03061440,0
1767576180000,92831.67,92871.66000000,92804.61000000,92871.66,10.64849,1767576239999,988592.94809030,2927,8.03107000,745612.00359270,0
1767576240000,92871.65,92916.10000000,92871.64000000,92899.99,19.43683,1767576299999,1805568.47860660,3955,12.55645000,1166374.37302540,0
1767576300000,92900.0,92923.68000000,92862.00000000,92862.01,30.83257,1767576359999,2863966.90566760,3977,15.55740000,1445157.48184630,0
1767576360000,92862.0,92928.88000000,92862.00000000,92928.88,20.53232,1767576419999,1907401.49443300,3215,17.11342000,1589817.95842440,0
1767576420000,92928.88,92940.76000000,92884.71000000,92915.73,14.44635,1767576479999,1342228.46044750,2468,8.41502000,781890.32882480,0
1767576480000,92915.73,92952.76000000,92915.73000000,92952.76,17.69314,1767576539999,1644282.38048510,2103,15.71634000,1460566.62098150,0
1767576540000,92952.76,92986.00000000,92936.71000000,92978.35,29.95506,1767576599999,2784642.76742530,3419,17.59251000,1635338.15665700,0
1767576600000,92978.35,93055.28000000,92819.09000000,92831.1,147.99834,1767576659999,13761750.38244760,11008,105.82609000,9841202.79159090,0
1767576660000,92831.1,92904.98000000,92813.09000000,92813.86,32.53348,1767576719999,3020923.81305010,5371,19.32760000,1794508.01389980,0
1767576720000,92813.87,92887.72000000,92813.87000000,92851.09,14.96107,1767576779999,1389257.11351620,3717,7.76837000,721319.27982430,0
1767576780000,92851.09,92970.50000000,92821.60000000,92970.5,12.71932,1767576839999,1181417.08281500,4982,10.78541000,1001833.92647030,0
1767576840000,92970.5,92984.50000000,92923.59000000,92927.41,16.499,1767576899999,1533389.92891190,3440,9.83068000,913617.36619040,0
1767576900000,92927.41,93048.79000000,92927.40000000,93042.62,26.71522,1767576959999,2484440.13363830,4269,20.46676000,1903268.41160860,0
1767576960000,93042.61,93057.31000000,93012.38000000,93012.73,21.11737,1767577019999,1964627.30366600,3312,13.98824000,1301378.47568270,0
1767577020000,93012.73,93388.00000000,93006.67000000,93205.44,159.96847,1767577079999,14913221.47235440,18312,111.79130000,10420407.25735110,0
1767577080000,93205.44,93292.47000000,93146.65000000,93172.18,81.28803,1767577139999,7577576.89164350,8870,24.90744000,2321662.19936020,0
1767577140000,93172.19,93292.00000000,93125.33000000,93139.72,42.79733,1767577199999,3989797.77177510,9040,18.33976000,1709780.42364650,0
1767577200000,93139.71,93172.51000000,93039.23000000,93050.0,56.84988,1767577259999,5293098.97846380,6197,20.22647000,1882941.08935210,0
1767577260000,93050.01,93185.34000000,93050.01000000,93185.33,31.79901,1767577319999,2961051.82782770,5482,24.80530000,2309744.60938540,0
1767577320000,93185.34,93227.11000000,93178.25000000,93216.87,12.94112,1767577379999,1206071.23904390,3196,9.65155000,899494.10866840,0
1767577380000,93216.86,93244.59000000,93191.67000000,93208.93,24.61633,1767577439999,2294498.86575340,3036,8.38831000,781869.00686810,0
1767577440000,93208.93,93219.59000000,93141.40000000,93200.0,24.4933,1767577499999,2282348.05688400,5052,16.71586000,1557480.14574540,0
1767577500000,93199.99,93229.03000000,93144.84000000,93167.02,25.80283,1767577559999,2404824.82822010,4300,9.67852000,901941.25825390,0
1767577560000,93167.01,93167.02000000,93069.15000000,93146.8,21.13184,1767577619999,1967937.42987110,4655,8.25562000,768795.37439470,0
1767577620000,93146.8,93204.65000000,93146.79000000,93195.28,17.39499,1767577679999,1620818.52990060,3829,11.68726000,1089019.67516410,0
1767577680000,93195.27,93255.55000000,93167.92000000,93244.85,18.97852,1767577739999,1769287.07773710,3894,15.45975000,1441286.09040270,0
1767577740000,93244.85,93244.86000000,93196.00000000,93196.0,8.64776,1767577799999,806113.17937620,1511,5.70245000,531538.58969600,0
1767577800000,93196.01,93224.01000000,93176.69000000,93187.7,16.56604,1767577859999,1543976.31867030,2831,9.23947000,861101.82108130,0
1767577860000,93187.71,93203.48000000,93041.98000000,93046.22,30.00199,1767577919999,2793216.94777290,4483,8.13067000,757052.19097710,0
1767577920000,93046.22,93063.70000000,92984.00000000,93011.58,30.50572,1767577979999,2837564.10692940,3874,15.46485000,1438563.15767420,0
1767577980000,93011.58,93016.98000000,92985.59000000,93016.98,12.12203,1767578039999,1127281.12092160,2660,9.34471000,869005.52319550,0
1767578040000,93016.98,93036.99000000,93003.22000000,93036.99,15.74259,1767578099999,1464400.54190310,3219,11.22323000,1043990.30526730,0
1767578100000,93036.99,93036.99000000,93000.00000000,93004.6,25.0015,1767578159999,2325660.44011780,1687,8.95718000,833158.22193930,0
1767578160000,93004.67,93033.24000000,93004.67000000,93012.87,8.72913,1767578219999,811989.21451910,1810,6.83632000,635919.67454650,0
1767578220000,93012.87,93048.00000000,93012.87000000,93021.03,9.90317,1767578279999,921291.50286330,2630,6.66680000,620210.89388090,0
1767578280000,93021.3,93027.45000000,92945.75000000,92945.75,21.37498,1767578339999,1987482.42959080,2180,5.19902000,483442.44949890,0
1767578340000,92945.75,92973.60000000,92937.21000000,92967.28,14.00987,1767578399999,1302241.00148470,2621,7.84183000,728937.22955530,0
1767578400000,92967.29,93157.60000000,92967.29000000,93124.86,38.67589,1767578459999,3599692.89368390,7394,31.62917000,2943644.13004580,0
1767578460000,93124.86,93157.61000000,93115.20000000,93135.42,13.66989,1767578519999,1273121.19916220,2990,7.00710000,652591.49741700,0
1767578520000,93135.41,93157.99000000,93084.77000000,93157.99,10.82666,1767578579999,1008175.97769120,3544,6.62143000,616580.39328910,0
1767578580000,93157.99,93157.99000000,93076.00000000,93076.01,19.34087,1767578639999,1801062.55558000,4051,7.88138000,733917.37691690,0
1767578640000,93076.0,93081.32000000,93000.00000000,93042.63,29.21872,1767578699999,2718190.50359370,3693,8.09175000,752824.77246570,0
1767578700000,93042.63,93108.00000000,93042.63000000,93092.46,16.59187,1767578759999,1544455.31853040,3860,14.42724000,1342941.71759950,0
1767578760000,93092.45,93092.45000000,92913.21000000,92924.54,40.20197,1767578819999,3738063.83128480,3992,8.83743000,821570.67667210,0
1767578820000,92924.54,92940.70000000,92808.05000000,92824.96,55.77341,1767578879999,5179354.52288560,5965,10.50350000,975551.15653510,0
1767578880000,92824.96,92852.88000000,92788.00000000,92821.94,24.46322,1767578939999,2270536.38182840,6230,9.24170000,857770.50669820,0
1767578940000,92821.95,92863.03000000,92821.94000000,92858.44,11.50983,1767578999999,1068697.28479200,1980,5.48018000,508832.56644400,0
1767579000000,92858.44,92891.21000000,92821.99000000,92868.64,13.22849,1767579059999,1228321.32494550,2508,7.24323000,672546.50737430,0
1767579060000,92868.64,92932.40000000,92868.63000000,92928.0,11.98729,1767579119999,1113662.20202230,3277,9.65641000,897086.98360240,0
1767579120000,92928.0,92954.64000000,92911.60000000,92949.96,15.76195,1767579179999,1464932.74340390,2386,9.05811000,841829.76379100,0
1767579180000,92949.96,92949.96000000,92915.43000000,92938.58,11.64391,1767579239999,1082080.07530110,2064,7.80806000,725604.94462170,0
1767579240000,92938.58,92938.58000000,92853.66000000,92869.71,13.4108,1767579299999,1245770.13712170,3214,6.51059000,604710.49060220,0
1767579300000,92869.7,92925.26000000,92856.92000000,92907.23,12.08952,1767579359999,1123020.31750630,2702,6.48988000,602834.96453870,0
1767579360000,92907.23,92947.95000000,92907.22000000,92930.01,13.4889,1767579419999,1253623.57738660,2119,8.56513000,796006.72962130,0
1767579420000,92930.01,93000.00000000,92930.00000000,93000.0,15.72201,1767579479999,1461647.92988310,2154,13.90203000,1292459.08693240,0
1767579480000,93000.0,93000.00000000,92971.55000000,92973.11,13.77562,1767579539999,1280962.72400080,2340,5.60209000,520910.23747440,0
1767579540000,92973.11,92983.88000000,92947.20000000,92983.87,13.82102,1767579599999,1284942.45714440,2163,7.98465000,742324.09514350,0
1767579600000,92983.88,92983.88000000,92944.60000000,92945.61,9.7878,1767579659999,909868.10327370,1381,6.93842000,644968.57786130,0
1767579660000,92945.61,92946.24000000,92829.46000000,92829.47,14.72379,1767579719999,1367624.97187570,2652,5.56396000,516879.26572350,0
1767579720000,92829.46,92861.48000000,92800.00000000,92846.68,28.00146,1767579779999,2599006.26706710,3599,9.87460000,916640.99055220,0
1767579780000,92846.69,92846.69000000,92800.00000000,92822.0,11.91338,1767579839999,1105816.97808130,2097,7.47397000,693737.64682290,0
1767579840000,92822.0,92826.89000000,92800.00000000,92800.0,11.34588,1767579899999,1053060.23564800,2115,5.42372000,503391.12864940,0
1767579900000,92800.01,92800.98000000,92748.55000000,92783.57,30.24378,1767579959999,2806332.52485410,3123,6.42294000,595879.32445300,0
1767579960000,92783.57,92795.96000000,92759.61000000,92795.96,10.96166,1767580019999,1016966.42264440,1857,6.29535000,584060.36641390,0
1767580020000,92795.95,92828.38000000,92795.70000000,92823.67,14.81863,1767580079999,1375251.49244630,1393,10.93784000,1015125.33595780,0
1767580080000,92823.68,92823.68000000,92800.00000000,92800.01,21.62416,1767580139999,2007049.42099130,1454,7.18483000,666867.61825220,0
1767580140000,92800.0,92800.01000000,92724.98000000,92746.2,16.62415,1767580199999,1542143.55868090,2692,9.38000000,870166.10771890,0
1767580200000,92746.2,92796.64000000,92746.20000000,92796.64,8.47354,1767580259999,786107.91367400,2027,8.06002000,747745.46841610,0
1767580260000,92796.64,92864.50000000,92796.64000000,92864.5,16.68613,1767580319999,1549053.45341480,3091,15.41817000,1431323.52197980,0
1767580320000,92864.5,92886.00000000,92864.50000000,92881.76,9.34712,1767580379999,868125.95222490,1798,7.46492000,693311.87441280,0
1767580380000,92881.75,92934.00000000,92881.75000000,92934.0,14.32425,1767580439999,1330891.33758600,3076,11.70699000,1087707.75809550,0
1767580440000,92934.0,92940.01000000,92900.00000000,92921.5,12.22953,1767580499999,1136372.50913010,2740,9.12103000,847539.12290980,0
1767580500000,92921.49,92964.01000000,92921.49000000,92956.09,22.14698,1767580559999,2058648.44291940,2438,21.55772000,2003873.02488810,0
1767580560000,92956.09,92995.56000000,92956.09000000,92962.54,15.56745,1767580619999,1447369.43618300,1770,12.62316000,1173633.21432680,0
1767580620000,92962.55,92962.55000000,92876.93000000,92884.82,10.49283,1767580679999,974875.94049490,2027,6.71995000,624316.05395650,0
1767580680000,92884.83,92906.70000000,92856.70000000,92899.85,8.88625,1767580739999,825420.71291290,2505,5.59266000,519489.46634940,0
1767580740000,92899.85,92932.24000000,92899.84000000,92916.61,8.87514,1767580799999,824651.70464260,1359,7.29190000,677538.12708640,0
1767580800000,92916.62,92957.63000000,92894.20000000,92917.03,10.31135,1767580859999,958198.35483710,2339,6.96071000,646831.94940690,0
1767580860000,92917.04,92970.00000000,92917.03000000,92919.64,11.2223,1767580919999,1043074.12929780,2832,6.66712000,619644.97109250,0
1767580920000,92919.65,92940.90000000,92882.00000000,92882.0,10.70067,1767580979999,994123.33462080,1855,6.42638000,597046.90635690,0
1767580980000,92882.01,92904.68000000,92850.70000000,92895.13,9.86828,1767581039999,916594.49833800,2976,5.82795000,541290.30996450,0
1767581040000,92895.14,92922.56000000,92891.63000000,92922.56,6.87435,1767581099999,638616.51434510,1763,5.91775000,549753.01023990,0
1767581100000,92922.56,92991.94000000,92920.39000000,92991.94,8.08969,1767581159999,751980.39906600,2932,6.64611000,617807.86188050,0
1767581160000,92991.94,93026.26000000,92980.00000000,93026.26,15.09272,1767581219999,1403556.32499610,2692,13.28158000,1235132.85942170,0
1767581220000,93026.25,93026.26000000,92986.02000000,92986.03,10.85852,1767581279999,1009802.52878450,1717,5.48765000,510345.06872220,0
1767581280000,92986.03,93018.00000000,92986.03000000,93016.76,9.1386,1767581339999,849849.97643450,2129,7.77265000,722822.95750190,0
1767581340000,93016.76,93016.76000000,92980.00000000,92980.01,10.86824,1767581399999,1010678.00872370,1275,5.18138000,481857.07210820,0
1767581400000,92980.01,93023.45000000,92980.00000000,93022.87,12.74083,1767581459999,1184904.23859740,2773,11.73022000,1090920.11156670,0
1767581460000,93022.87,93022.87000000,92965.68000000,92965.69,12.66723,1767581519999,1177980.47059510,1748,5.01558000,466396.52952270,0
1767581520000,92965.68,92989.58000000,92965.68000000,92988.74,10.40514,1767581579999,967404.53057240,1893,8.71387000,810162.52154530,0
1767581580000,92988.74,93030.26000000,92983.15000000,93026.25,9.40263,1767581639999,874422.53241690,1739,7.54377000,701535.70683800,0
1767581640000,93026.25,93098.39000000,93025.86000000,93071.71,42.81076,1767581699999,3983760.23013550,2606,38.93109000,3622698.12191610,0
1767581700000,93071.72,93071.72000000,93021.35000000,93031.69,7.91122,1767581759999,736021.76598830,1235,3.59036000,334002.70143750,0
1767581760000,93031.69,93031.70000000,92982.53000000,92982.53,3.74851,1767581819999,348663.82583560,1385,0.18128000,16862.70135720,0
1767581820000,92982.54,93034.00000000,92982.53000000,93032.45,5.23464,1767581879999,486833.62837760,1787,3.36238000,312689.62326220,0
1767581880000,93032.45,93038.00000000,93022.86000000,93038.0,6.56519,1767581939999,610731.23681290,813,2.39592000,222881.67410420,0
1767581940000,93038.0,93040.71000000,93030.00000000,93033.11,6.89919,1767581999999,641861.97816080,1026,3.41254000,317481.11107550,0
1767582000000,93033.11,93048.28000000,93004.76000000,93004.77,10.00835,1767582059999,931076.32920680,1231,3.81817000,355226.08609790,0
1767582060000,93004.77,93100.00000000,93004.76000000,93099.99,16.63743,1767582119999,1547823.15333520,3450,6.45031000,600195.66554230,0
1767582120000,93100.0,93172.00000000,93100.00000000,93138.99,14.81887,1767582179999,1380105.80457100,4158,10.48251000,976257.45739640,0
1767582180000,93139.0,93181.72000000,93134.34000000,93134.35,12.2102,1767582239999,1137353.13081070,2231,7.19630000,670307.32087270,0
1767582240000,93134.35,93157.11000000,93134.34000000,93153.05,9.27112,1767582299999,863547.09061670,1471,6.90094000,642764.23951380,0
1767582300000,93153.05,93200.00000000,93153.05000000,93195.34,9.27557,1767582359999,864334.29954290,2312,6.27340000,584565.43951700,0
1767582360000,93195.34,93204.70000000,93114.00000000,93123.79,16.25042,1767582419999,1514069.57867150,2368,7.71156000,718512.23334740,0
1767582420000,93123.79,93153.00000000,93063.20000000,93063.21,5.71328,1767582479999,532026.22546910,2440,2.57098000,239426.98497320,0
1767582480000,93063.21,93080.92000000,93016.68000000,93041.02,19.8174,1767582539999,1843965.65266610,2912,6.88310000,640415.38350860,0
1767582540000,93041.03,93041.03000000,93003.57000000,93012.12,7.98529,1767582599999,742746.56386950,1806,3.40748000,316933.58969540,0
1767582600000,93012.13,93027.22000000,93000.00000000,93000.01,4.35847,1767582659999,405386.33263600,1132,2.30843000,214709.38136380,0
1767582660000,93000.0,93000.01000000,92980.00000000,92997.24,9.84566,1767582719999,915529.56383100,1210,4.94427000,459744.86812200,0
1767582720000,92997.25,93000.00000000,92997.24000000,93000.0,4.55033,1767582779999,423168.58515120,470,2.58959000,240825.14288610,0
1767582780000,93000.0,93000.00000000,92958.33000000,92961.28,5.62287,1767582839999,522774.37928110,1204,1.15248000,107143.82905230,0
1767582840000,92961.29,93000.00000000,92961.28000000,93000.0,47.7667,1767582899999,4442163.57017080,2040,46.75290000,4347901.59980480,0
1767582900000,93000.0,93015.00000000,92999.99000000,93014.0,13.06357,1767582959999,1214976.22661880,1059,10.06766000,936312.17587850,0
1767582960000,93014.01,93014.01000000,92974.00000000,92974.0,21.45749,1767583019999,1995475.01311590,1588,18.90499000,1758107.84725990,0
1767583020000,92974.01,92985.16000000,92974.00000000,92985.16,2.43917,1767583079999,226787.65237790,676,1.78587000,166046.84260990,0
1767583080000,92985.15,92985.16000000,92954.69000000,92983.48,2.94101,1767583139999,273421.43649660,1229,0.81901000,76142.93594640,0
1767583140000,92983.48,93000.00000000,92983.47000000,92988.85,1.81688,1767583199999,168960.24142840,816,1.01533000,94419.65536020,0
1767583200000,92988.85,93034.15000000,92988.84000000,93034.14,39.96126,1767583259999,3716438.11460370,1530,39.34618000,3659222.38019950,0
1767583260000,93034.15,93034.15000000,93026.30000000,93026.31,5.05676,1767583319999,470438.59134320,564,1.05812000,98437.13373780,0
1767583320000,93026.31,93029.49000000,93026.30000000,93029.48,1.45044,1767583379999,134929.89771130,281,0.80092000,74506.83746370,0
1767583380000,93029.49,93029.49000000,92952.00000000,92952.01,9.80827,1767583439999,912161.56002180,1299,0.64016000,59514.40742630,0
1767583440000,92952.01,92952.01000000,92944.33000000,92950.02,4.20922,1767583499999,391240.54658590,730,1.57262000,146170.05465470,0
1767583500000,92950.01,92972.08000000,92932.33000000,92946.83,5.7925,1767583559999,538388.13076140,1652,1.68337000,156464.08742250,0
1767583560000,92946.84,92963.37000000,92946.48000000,92963.37,1.25547,1767583619999,116700.70153700,776,0.83305000,77434.54381950,0
1767583620000,92963.37,92972.08000000,92959.34000000,92959.34,1.59094,1767583679999,147903.20870560,556,0.81446000,75718.09739230,0
1767583680000,92959.34,92996.21000000,92959.34000000,92996.21,3.43766,1767583739999,319600.71584350,1139,1.46522000,136223.25623760,0
1767583740000,92996.2,93013.90000000,92994.58000000,92994.58,4.09719,1767583799999,381045.67162160,1001,1.79736000,167155.96907350,0
1767583800000,92994.59,93129.23000000,92994.58000000,93129.23,13.38019,1767583859999,1245247.54895060,3488,10.66824000,992841.68378200,0
1767583860000,93129.23,93129.23000000,93118.17000000,93124.7,2.91793,1767583919999,271726.96761850,654,1.81142000,168683.27317960,0
1767583920000,93124.69,93124.70000000,93027.06000000,93029.85,12.31687,1767583979999,1146346.15167280,1898,1.85646000,172735.28620630,0
1767583980000,93029.84,93045.36000000,93014.60000000,93045.36,2.60082,1767584039999,241931.88535870,1653,1.37601000,127998.30985990,0
1767584040000,93045.36,93073.49000000,92999.99000000,93000.0,40.2867,1767584099999,3747198.76505720,1942,4.22202000,392730.50378570,0
1767584100000,93000.0,93000.00000000,92992.63000000,92992.64,4.24922,1767584159999,395158.62886220,653,0.94396000,87784.89049920,0
1767584160000,92992.63,92995.00000000,92957.00000000,92969.9,3.71958,1767584219999,345850.04397170,1297,2.35328000,218806.22514430,0
1767584220000,92969.9,92985.16000000,92969.90000000,92985.16,2.51946,1767584279999,234269.30921840,411,1.66734000,155034.82315670,0
1767584280000,92985.16,93000.00000000,92973.81000000,92973.82,7.221,1767584339999,671528.16274910,1303,5.60699000,521438.79154610,0
1767584340000,92973.82,93000.00000000,92973.81000000,92995.35,45.52831,1767584399999,4234066.58314740,1066,43.68556000,4062692.06310780,0
1767584400000,92995.36,93006.51000000,92984.75000000,93000.0,23.72677,1767584459999,2206615.28556950,1710,15.53441000,1444695.12870700,0
1767584460000,93000.0,93000.00000000,92986.05000000,92986.06,36.26269,1767584519999,3372407.82451080,1093,31.88362000,2965162.08554040,0
1767584520000,92986.06,92986.06000000,92950.93000000,92950.93,1.58168,1767584579999,147048.53793510,1116,0.46213000,42962.73174990,0
1767584580000,92950.93,92950.94000000,92950.93000000,92950.94,2.811,1767584639999,261285.07685920,456,1.26292000,117389.60114480,0
1767584640000,92950.94,92950.95000000,92937.51000000,92937.52,6.2814,1767584699999,583835.78603080,846,1.82092000,169255.89990450,0
1767584700000,92937.52,92941.00000000,92937.51000000,92940.99,0.92169,1767584759999,85659.74537500,369,0.46222000,42957.74706370,0
1767584760000,92941.0,92941.00000000,92939.49000000,92939.5,9.39981,1767584819999,873620.94735970,478,1.32744000,123371.85355500,0
1767584820000,92939.5,92939.50000000,92939.49000000,92939.5,2.38536,1767584879999,221694.15913650,387,1.72701000,160507.44589500,0
1767584880000,92939.5,92939.50000000,92939.49000000,92939.5,0.47406,1767584939999,44058.89755390,155,0.29245000,27180.15677500,0
1767584940000,92939.5,92939.50000000,92930.00000000,92930.01,9.55677,1767584999999,888165.59802730,908,4.69137000,435997.05384170,0
1767585000000,92930.01,92938.72000000,92930.00000000,92938.71,2.85054,1767585059999,264913.66373820,802,2.51998000,234193.40016600,0
1767585060000,92938.72,92969.88000000,92938.71000000,92969.87,13.04965,1767585119999,1212855.26568100,1356,12.47363000,1159318.99213800,0
1767585120000,92969.88,92969.88000000,92964.72000000,92964.72,3.8121,1767585179999,354404.20230040,609,0.65056000,60481.26763260,0
1767585180000,92964.13,92964.13000000,92912.36000000,92913.11,5.65357,1767585239999,525345.46430390,1655,1.04504000,97099.52064800,0
1767585240000,92913.1,92915.36000000,92913.10000000,92915.35,1.63342,1767585299999,151768.61690680,435,0.87893000,81664.95581780,0
1767585300000,92915.35,92915.36000000,92892.00000000,92892.01,6.47458,1767585359999,601519.20812800,1090,1.24633000,115788.69489870,0
1767585360000,92892.01,92912.13000000,92871.26000000,92912.13,5.84624,1767585419999,543060.41781100,1529,1.79445000,166701.22981190,0
1767585420000,92912.12,92912.14000000,92912.12000000,92912.13,4.90802,1767585479999,456014.61597430,199,3.10771000,288743.98127250,0
1767585480000,92912.13,92912.14000000,92874.22000000,92874.23,5.63037,1767585539999,522990.77066600,1338,0.67650000,62830.78988210,0
1767585540000,92874.23,92894.16000000,92874.23000000,92878.22,4.99062,1767585599999,463562.22287200,1003,1.86408000,173135.86790180,0
1767585600000,92878.22,92934.00000000,92874.22000000,92915.63,48.06339,1767585659999,4465638.28066910,2407,45.64628000,4241067.58647830,0
1767585660000,92915.64,92947.80000000,92915.63000000,92947.8,3.00779,1767585719999,279512.17095630,1100,2.59909000,241527.49108170,0
1767585720000,92947.79,92947.87000000,92922.50000000,92922.51,3.81673,1767585779999,354738.14806930,1035,1.92203000,178646.22352380,0
1767585780000,92922.51,92933.00000000,92909.13000000,92927.99,2.82435,1767585839999,262449.72564620,1222,1.77647000,165075.62047940,0
1767585840000,92927.99,92928.00000000,92916.71000000,92916.72,2.16371,1767585899999,201067.30065490,469,1.26197000,117272.19125520,0
1767585900000,92916.72,92916.72000000,92916.71000000,92916.71,1.41822,1767585959999,131776.34298240,354,0.65262000,60639.30980640,0
1767585960000,92916.71,92916.72000000,92888.22000000,92888.22,3.4128,1767586019999,317088.27123000,1104,0.75489000,70139.27590810,0
1767586020000,92888.14,92907.02000000,92865.62000000,92871.53,6.20743,1767586079999,576587.15906750,1237,4.75075000,441289.83866850,0
1767586080000,92871.53,92871.53000000,92830.48000000,92835.47,11.41613,1767586139999,1059942.82770770,2733,4.47928000,415850.71576120,0
1767586140000,92835.47,92873.95000000,92830.48000000,92844.65,9.88227,1767586199999,917556.82786090,1868,1.11291000,103328.26148320,0
1767586200000,92844.64,92844.65000000,92822.27000000,92836.15,3.95629,1767586259999,367268.19736310,1346,0.83217000,77251.53884660,0
1767586260000,92836.16,92836.16000000,92818.19000000,92818.19,5.2557,1767586319999,487853.15407370,1151,0.18914000,17557.66767660,0
1767586320000,92818.18,92818.19000000,92816.68000000,92816.68,5.01266,1767586379999,465262.27781570,561,0.40576000,37661.60704790,0
1767586380000,92816.68,92816.69000000,92779.98000000,92794.26,14.54468,1767586439999,1349673.28521420,1784,2.27569000,211147.12727240,0
1767586440000,92794.26,92794.27000000,92763.64000000,92763.65,4.65171,1767586499999,431577.88879600,1298,1.09706000,101786.25444110,0
1767586500000,92763.64,92816.68000000,92735.47000000,92808.02,10.39504,1767586559999,964433.24896920,2902,5.93644000,550793.32158610,0
1767586560000,92808.01,92838.13000000,92808.01000000,92809.06,2.89903,1767586619999,269116.97609790,1266,0.42320000,39281.12226420,0
1767586620000,92809.07,92809.07000000,92800.00000000,92800.0,0.64839,1767586679999,60174.10349500,484,0.11406000,10585.06575060,0
1767586680000,92800.01,92800.01000000,92800.00000000,92800.01,0.6099,1767586739999,56598.72169750,179,0.16975000,15752.80169750,0
1767586740000,92800.0,92800.01000000,92769.79000000,92769.79,1.54486,1767586799999,143346.13407240,1200,0.14218000,13192.93418630,0
1767586800000,92769.7,92769.70000000,92670.25000000,92688.28,49.36908,1767586859999,4576713.84622480,3881,4.20828000,390077.88405350,0
1767586860000,92688.28,92718.00000000,92688.28000000,92694.53,10.92138,1767586919999,1012458.08558900,2242,2.72067000,252224.16936400,0
1767586920000,92694.0,92694.00000000,92603.10000000,92603.11,26.39465,1767586979999,2445209.91465320,3624,6.26512000,580270.82220530,0
1767586980000,92603.1,92672.79000000,92587.74000000,92672.78,10.3026,1767587039999,954321.44279320,2567,6.10221000,565305.27240960,0
1767587040000,92672.78,92682.05000000,92636.84000000,92640.72,5.30912,1767587099999,491970.51137780,1533,1.02998000,95450.35531770,0
1767587100000,92640.72,92668.00000000,92587.73000000,92591.01,24.14278,1767587159999,2236218.11442440,1930,7.78233000,720773.42797560,0
1767587160000,92591.01,92591.01000000,92450.00000000,92498.15,61.50928,1767587219999,5690697.13946520,6106,8.74470000,808854.76397040,0
1767587220000,92498.15,92498.15000000,92420.00000000,92452.7,14.18058,1767587279999,1311017.14693400,4802,2.81661000,260398.07360140,0
1767587280000,92452.7,92520.00000000,92452.70000000,92493.84,8.7505,1767587339999,809426.65319140,2112,6.31894000,584489.80403050,0
1767587340000,92493.84,92505.36000000,92478.50000000,92478.51,5.66313,1767587399999,523793.75741130,1933,3.01133000,278528.22206870,0
1767587400000,92478.51,92478.51000000,92439.21000000,92439.21,9.51559,1767587459999,879873.87206500,1932,1.42946000,132174.27714970,0
1767587460000,92439.22,92492.68000000,92330.46000000,92477.95,33.43454,1767587519999,3089180.25767090,9914,7.29123000,673718.10336270,0
1767587520000,92477.95,92522.46000000,92471.81000000,92517.88,5.23121,1767587579999,483938.21033660,1838,3.06623000,283654.21309370,0
1767587580000,92517.88,92517.88000000,92462.79000000,92462.79,5.49961,1767587639999,508687.93173390,1450,2.24159000,207335.37062300,0
1767587640000,92462.8,92481.36000000,92446.56000000,92446.56,4.68934,1767587699999,433620.84924940,1070,1.51479000,140073.69915690,0
1767587700000,92446.57,92451.08000000,92400.94000000,92451.08,5.87517,1767587759999,542991.11546540,2058,2.96431000,273955.87566650,0
1767587760000,92451.08,92509.99000000,92451.08000000,92497.96,7.07937,1767587819999,654805.94571470,2320,2.95281000,273111.26408340,0
1767587820000,92497.97,92539.28000000,92497.96000000,92524.98,10.34146,1767587879999,956782.41139250,1739,5.42040000,501520.04330770,0
1767587880000,92524.98,92524.99000000,92507.06000000,92521.41,3.71737,1767587939999,343917.96694730,1196,1.37735000,127426.93275580,0
1767587940000,92521.41,92538.00000000,92521.41000000,92538.0,4.04914,1767587999999,374658.86729050,1225,2.33054000,215639.39805170,0
1767588000000,92538.0,92538.00000000,92504.15000000,92507.67,2.635,1767588059999,243784.55995550,1153,0.87797000,81223.76790170,0
1767588060000,92507.67,92556.00000000,92503.14000000,92503.15,15.32618,1767588119999,1417919.90286060,2716,2.64250000,244499.19036930,0
1767588120000,92503.15,92503.15000000,92460.27000000,92463.2,3.54678,1767588179999,328008.37255360,1612,0.84201000,77869.21871480,0
1767588180000,92463.21,92463.21000000,92369.34000000,92369.35,7.53117,1767588239999,695992.41454200,2142,0.74560000,68917.56370080,0
1767588240000,92369.34,92403.24000000,92369.34000000,92399.29,7.37534,1767588299999,681435.13773850,1974,1.57074000,145121.44992260,0
1767588300000,92399.29,92482.00000000,92399.28000000,92467.41,14.81626,1767588359999,1369296.89505220,2407,13.02502000,1203683.98295180,0
1767588360000,92467.4,92494.51000000,92440.49000000,92494.51,7.58828,1767588419999,701599.87144950,1609,3.92062000,362518.58197350,0
1767588420000,92494.5,92524.89000000,92491.00000000,92491.01,8.48542,1767588479999,784937.04232560,1727,6.24392000,577571.62585500,0
1767588480000,92491.01,92503.75000000,92488.22000000,92503.75,0.95456,1767588539999,88289.76849590,659,0.29223000,27029.20968620,0
1767588540000,92503.75,92503.75000000,92444.74000000,92444.74,7.4993,1767588599999,693486.84142130,1359,1.82943000,169132.14727840,0
1767588600000,92444.74,92484.69000000,92444.74000000,92484.68,4.6131,1767588659999,426531.95474740,1568,3.53651000,326969.67672590,0
1767588660000,92484.67,92595.49000000,92484.67000000,92586.22,15.1306,1767588719999,1400502.59417390,3764,13.11047000,1213497.48820550,0
1767588720000,92586.23,92600.00000000,92566.00000000,92573.38,2.54397,1767588779999,235507.28550990,1430,1.44546000,133806.33784720,0
1767588780000,92573.39,92573.39000000,92532.81000000,92555.21,2.16137,1767588839999,200044.61729250,1419,0.73125000,67670.63581590,0
1767588840000,92555.22,92567.65000000,92539.88000000,92567.65,3.29236,1767588899999,304714.55455680,1088,2.20389000,203984.45450720,0
1767588900000,92567.64,92617.34000000,92567.64000000,92617.34,4.14717,1767588959999,384023.33286970,1061,3.72665000,345083.43214480,0
1767588960000,92617.33,92638.00000000,92587.02000000,92625.21,7.31609,1767589019999,677566.09880910,2679,4.61598000,427500.12787260,0
1767589020000,92625.21,92642.43000000,92625.21000000,92642.43,3.45614,1767589079999,320148.89340630,1581,2.94793000,273069.03701550,0
1767589080000,92642.42,92642.42000000,92616.24000000,92627.79,14.1197,1767589139999,1307846.10379730,1580,7.73464000,716415.24761040,0
1767589140000,92627.79,92627.80000000,92595.06000000,92595.07,8.59296,1767589199999,795836.48430930,733,1.90733000,176660.73727200,0
1767589200000,92595.07,92605.72000000,92595.07000000,92595.95,2.33238,1767589259999,215971.23592710,947,0.96884000,89710.89899360,0
1767589260000,92595.96,92595.96000000,92576.46000000,92591.56,2.83156,1767589319999,262157.44120310,1005,0.73085000,67662.47780090,0
1767589320000,92591.55,92617.49000000,92577.43000000,92598.63,23.05454,1767589379999,2134850.20348910,1885,21.07526000,1951572.86571320,0
1767589380000,92598.63,92615.07000000,92574.93000000,92580.99,2.14768,1767589439999,198841.58906820,1395,0.70257000,65045.18007120,0
1767589440000,92580.99,92600.34000000,92574.00000000,92600.34,4.09632,1767589499999,379260.48043150,1174,3.03970000,281434.70815360,0
1767589500000,92600.34,92660.43000000,92600.33000000,92660.43,3.27996,1767589559999,303849.52385250,2204,2.32501000,215366.07580790,0
1767589560000,92660.43,92664.29000000,92621.97000000,92621.98,10.48893,1767589619999,971798.81991840,1997,3.53805000,327816.08553210,0
1767589620000,92621.97,92666.66000000,92613.18000000,92666.66,9.18133,1767589679999,850627.58735560,2911,8.11893000,752216.50139810,0
1767589680000,92666.65,92666.66000000,92635.59000000,92648.92,4.694,1767589739999,434896.88391100,975,1.11934000,103699.90022110,0
1767589740000,92648.92,92677.34000000,92622.63000000,92677.34,5.62975,1767589799999,521564.96334050,2425,3.99459000,370075.65781060,0
1767589800000,92677.33,92715.19000000,92677.33000000,92696.48,12.765,1767589859999,1183220.96402120,1851,11.96096000,1108688.97349920,0
1767589860000,92696.47,92696.48000000,92650.93000000,92675.8,3.16019,1767589919999,292851.72138820,1159,1.45854000,135159.12401620,0
1767589920000,92675.81,92675.81000000,92653.01000000,92664.96,2.10202,1767589979999,194780.36892570,1021,0.78372000,72616.58800570,0
1767589980000,92664.96,92664.97000000,92654.70000000,92659.19,4.06581,1767590039999,376735.29874970,603,3.28231000,304133.81177330,0
1767590040000,92659.19,92659.20000000,92647.29000000,92647.29,2.93985,1767590099999,272392.23216160,541,0.62336000,57760.00883340,0
1767590100000,92647.3,92664.55000000,92647.29000000,92664.54,0.95993,1767590159999,88938.77030810,608,0.87449000,81022.56036860,0
1767590160000,92664.55,92664.55000000,92600.00000000,92600.0,9.9268,1767590219999,919451.95419310,1269,1.17675000,109012.24611610,0
1767590220000,92600.0,92647.99000000,92600.00000000,92647.98,1.48273,1767590279999,137332.47539720,1196,1.09431000,101356.51498190,0
1767590280000,92647.99,92674.24000000,92636.40000000,92674.24,4.83867,1767590339999,448319.75177160,1291,2.99047000,277087.76737970,0
1767590340000,92674.24,92674.24000000,92649.55000000,92649.56,1.56276,1767590399999,144815.16669720,606,0.14484000,13420.66123810,0
1767590400000,92649.56,92656.05000000,92638.73000000,92656.05,1.13886,1767590459999,105511.16994360,787,0.85057000,78801.50195840,0
1767590460000,92656.04,92670.96000000,92656.04000000,92669.69,11.66982,1767590519999,1081361.61266210,932,5.77135000,534759.65952640,0
1767590520000,92669.7,92699.11000000,92669.69000000,92699.1,6.86178,1767590579999,635948.67967520,567,5.23092000,484813.13782630,0
1767590580000,92699.1,92703.74000000,92690.30000000,92703.74,2.70462,1767590639999,250710.59082840,642,1.00692000,93340.00974690,0
1767590640000,92703.73,92720.73000000,92703.73000000,92720.64,5.28589,1767590699999,490072.12232980,685,4.48586000,415893.62111280,0
1767590700000,92720.64,92720.64000000,92716.05000000,92716.06,2.1058,1767590759999,195247.25509540,633,0.51449000,47702.89845040,0
1767590760000,92716.06,92717.69000000,92716.05000000,92717.69,0.89621,1767590819999,83093.70236530,315,0.62424000,57877.59934750,0
1767590820000,92717.68,92717.69000000,92700.00000000,92700.01,2.31443,1767590879999,214579.68529060,542,0.94361000,87488.69739210,0
1767590880000,92700.0,92709.15000000,92690.39000000,92709.14,4.13242,1767590939999,383082.78038090,849,3.77153000,349629.02257300,0
1767590940000,92709.14,92709.15000000,92709.14000000,92709.15,0.37517,1767590999999,34781.69054470,123,0.24909000,23092.92217350,0
1767591000000,92709.14,92709.15000000,92688.00000000,92688.0,4.73142,1767591059999,438616.62780640,371,1.31130000,121551.02631040,0
1767591060000,92688.01,92692.64000000,92684.42000000,92684.42,2.97406,1767591119999,275662.86418760,489,2.01669000,186923.32987200,0
1767591120000,92684.43,92698.32000000,92682.41000000,92682.41,2.29196,1767591179999,212444.91573900,810,0.46724000,43307.48788310,0
1767591180000,92682.41,92682.43000000,92682.41000000,92682.42,7.44933,1767591239999,690421.99870310,354,7.15651000,663282.73350460,0
1767591240000,92682.43,92686.05000000,92620.55000000,92620.55,8.81315,1767591299999,816733.03230650,1348,4.34907000,403073.27626530,0
1767591300000,92620.55,92661.84000000,92620.55000000,92661.84,14.5543,1767591359999,1348252.77758480,1185,3.94394000,365372.63309380,0
1767591360000,92661.83,92661.84000000,92641.42000000,92647.87,1.37321,1767591419999,127232.76412630,497,0.79700000,73842.92501210,0
1767591420000,92647.88,92659.69000000,92643.20000000,92645.83,1.50663,1767591479999,139592.19053140,1056,0.85646000,79354.20668540,0
1767591480000,92645.83,92645.84000000,92589.50000000,92616.03,6.37594,1767591539999,590528.05473210,1225,2.66098000,246418.74331570,0
1767591540000,92616.03,92616.03000000,92553.50000000,92573.01,9.30728,1767591599999,861717.20168660,2824,2.63779000,244182.70670270,0
1767591600000,92573.01,92598.51000000,92573.00000000,92589.8,7.68813,1767591659999,711870.07921400,1525,0.73149000,67724.68574070,0
1767591660000,92589.79,92624.24000000,92589.79000000,92612.52,18.50765,1767591719999,1713719.30639440,1375,16.05360000,1486428.31239060,0
1767591720000,92612.52,92619.02000000,92595.36000000,92595.36,2.33732,1767591779999,216463.86560090,1508,0.99679000,92315.58465030,0
1767591780000,92595.36,92595.36000000,92549.97000000,92562.35,4.2949,1767591839999,397569.47871880,2909,1.86861000,172960.21849890,0
1767591840000,92562.36,92571.85000000,92554.59000000,92554.6,3.75813,1767591899999,347868.91577410,789,1.49053000,137961.11111880,0
1767591900000,92554.59,92569.50000000,92544.80000000,92544.81,3.13544,1767591959999,290217.31026060,1213,0.99972000,92534.58380720,0
1767591960000,92544.8,92544.81000000,92500.00000000,92500.0,9.82769,1767592019999,909301.32827800,2525,1.96935000,182222.22255940,0
1767592020000,92500.0,92572.00000000,92463.40000000,92537.85,30.52719,1767592079999,2824446.38923960,4294,13.03680000,1206250.82063590,0
1767592080000,92537.84,92547.19000000,92530.06000000,92547.18,5.59213,1767592139999,517510.40523020,1436,0.71826000,66462.83152330,0
1767592140000,92547.19,92547.19000000,92509.18000000,92528.46,5.65319,1767592199999,523099.89074500,1258,0.51322000,47480.47377440,0
1767592200000,92528.45,92528.46000000,92484.12000000,92484.12,6.75186,1767592259999,624595.70759580,1383,1.76154000,162951.37621700,0
1767592260000,92484.13,92484.13000000,92412.00000000,92412.0,11.24147,1767592319999,1039167.09574440,3520,3.22222000,297827.44022080,0
1767592320000,92412.01,92421.82000000,92381.16000000,92421.82,26.08322,1767592379999,2410063.76255410,3882,6.74404000,623151.33474600,0
1767592380000,92421.82,92421.82000000,92364.84000000,92393.3,25.00873,1767592439999,2310515.64232200,2680,3.29209000,304141.93616570,0
1767592440000,92393.3,92393.31000000,92353.47000000,92361.59,4.73674,1767592499999,437522.94515370,1627,1.04164000,96218.24458480,0
1767592500000,92361.59,92424.90000000,92361.58000000,92424.9,8.07494,1767592559999,746125.31854130,1997,6.19873000,572764.61056010,0
1767592560000,92424.9,92452.00000000,92424.89000000,92452.0,4.00935,1767592619999,370590.07519330,1618,3.36547000,311073.29762090,0
1767592620000,92452.0,92452.00000000,92428.90000000,92428.9,2.37468,1767592679999,219523.73185770,1354,0.23890000,22085.26763090,0
1767592680000,92428.91,92428.91000000,92398.66000000,92398.67,4.11364,1767592739999,380146.46646810,1349,0.92094000,85103.52700380,0
1767592740000,92398.66,92398.66000000,92340.39000000,92359.99,8.41911,1767592799999,777586.02039820,3522,3.87431000,357831.56604950,0
1767592800000,92359.99,92380.00000000,92359.98000000,92379.99,7.08697,1767592859999,654602.55438450,1558,1.70857000,157813.62137290,0
1767592860000,92380.0,92455.69000000,92379.99000000,92455.68,9.89893,1767592919999,914978.24030570,3617,9.08610000,839842.22437330,0
1767592920000,92455.68,92468.15000000,92438.36000000,92438.36,3.61483,1767592979999,334232.35732820,1558,1.37786000,127394.53500850,0
1767592980000,92438.36,92475.73000000,92436.05000000,92441.52,3.48826,1767593039999,322517.51760630,2922,1.85128000,171159.70473950,0
1767593040000,92441.52,92453.66000000,92420.00000000,92420.0,2.57738,1767593099999,238251.66219660,2355,1.43620000,132763.08346170,0
1767593100000,92420.0,92420.01000000,92402.15000000,92412.89,3.57588,1767593159999,330437.70151230,1166,1.86623000,172450.85502350,0
1767593160000,92412.89,92448.59000000,92402.15000000,92448.59,1.95764,1767593219999,180914.90576010,2421,1.25149000,115660.73559710,0
1767593220000,92448.58,92455.90000000,92445.30000000,92455.89,1.98766,1767593279999,183754.38419670,1370,1.21636000,112449.27497930,0
1767593280000,92455.9,92468.00000000,92455.89000000,92467.99,3.68419,1767593339999,340627.18365030,847,3.44520000,318530.19152120,0
1767593340000,92467.99,92488.07000000,92467.99000000,92488.07,0.94126,1767593399999,87048.14488330,895,0.72769000,67296.64140940,0
1767593400000,92488.07,92488.07000000,92472.00000000,92472.0,3.78558,1767593459999,350106.73727920,879,0.23502000,21733.46181830,0
1767593460000,92472.0,92472.01000000,92444.50000000,92444.5,2.6268,1767593519999,242877.25706210,1602,0.91189000,84323.64006620,0
1767593520000,92444.5,92454.00000000,92440.91000000,92440.91,1.46218,1767593579999,135174.33706330,747,0.80393000,74320.75411950,0
1767593580000,92440.92,92440.92000000,92429.99000000,92429.99,7.71272,1767593639999,712930.36026810,511,0.35828000,33118.20293800,0
1767593640000,92430.0,92436.25000000,92429.99000000,92436.24,3.39409,1767593699999,313732.45256900,604,0.85972000,79466.81735030,0
1767593700000,92436.25,92436.25000000,92400.00000000,92400.01,2.98929,1767593759999,276246.27470220,2104,0.46036000,42544.44129460,0
1767593760000,92400.0,92423.47000000,92400.00000000,92423.46,2.83426,1767593819999,261925.14303800,1027,1.70871000,157901.14905530,0
1767593820000,92423.47,92453.17000000,92423.47000000,92453.17,3.90914,1767593879999,361354.32406630,1035,2.53929000,234727.94430730,0
1767593880000,92453.16,92453.17000000,92453.16000000,92453.16,1.54327,1767593939999,142680.19273390,359,0.45007000,41610.39822190,0
1767593940000,92453.16,92467.91000000,92428.14000000,92428.14,2.07406,1767593999999,191751.30415740,2730,0.51648000,47753.43750760,0
1767594000000,92428.14,92428.15000000,92406.00000000,92406.01,2.66245,1767594059999,246045.57091060,1156,0.45858000,42377.66819550,0
1767594060000,92406.01,92406.01000000,92388.57000000,92388.57,3.56579,1767594119999,329462.71143720,1190,0.86529000,79944.01023990,0
1767594120000,92388.58,92409.73000000,92386.47000000,92405.27,6.13406,1767594179999,566779.32472570,1423,2.38798000,220636.44936980,0
1767594180000,92405.26,92405.27000000,92388.76000000,92395.53,3.56465,1767594239999,329336.05488930,757,2.58301000,238642.37907330,0
1767594240000,92395.54,92406.62000000,92395.54000000,92404.36,1.82155,1767594299999,168321.30486220,673,0.90441000,83573.08373970,0
1767594300000,92404.37,92404.37000000,92364.19000000,92364.2,2.47799,1767594359999,228929.63943570,2132,0.68297000,63093.46407180,0
1767594360000,92364.2,92364.20000000,92364.19000000,92364.19,1.03216,1767594419999,95334.62756390,291,0.52135000,48154.07567000,0
1767594420000,92364.2,92364.20000000,92333.48000000,92333.49,6.08299,1767594479999,561721.17729890,1860,2.57315000,237594.21315750,0
1767594480000,92333.49,92333.49000000,92270.77000000,92313.15,30.97522,1767594539999,2858933.99887920,7055,10.98766000,1014021.62951440,0
1767594540000,92313.14,92313.15000000,92279.88000000,92279.88,3.1751,1767594599999,293050.31339580,1113,0.28561000,26359.30961970,0
1767594600000,92279.88,92279.89000000,92173.10000000,92184.0,21.38157,1767594659999,1971644.90571260,8203,3.13630000,289169.72673460,0
1767594660000,92184.01,92255.08000000,92155.00000000,92250.0,12.05209,1767594719999,1111276.33776490,4766,8.09757000,746671.08789990,0
1767594720000,92250.0,92279.40000000,92250.00000000,92277.99,11.6311,1767594779999,1073057.47931000,3255,8.81668000,813387.28098820,0
1767594780000,92277.99,92278.00000000,92254.00000000,92261.39,4.0739,1767594839999,375911.72135150,1336,1.43381000,132300.82513420,0
1767594840000,92261.38,92320.01000000,92255.43000000,92320.0,5.75917,1767594899999,531473.06493810,2956,4.43250000,409045.66406340,0
1767594900000,92320.0,92333.49000000,92300.00000000,92310.76,3.2253,1767594959999,297737.00201700,2192,1.42189000,131262.98901340,0
1767594960000,92310.75,92335.00000000,92297.50000000,92334.99,4.59032,1767595019999,423758.13171820,3450,1.82825000,168784.47173850,0
1767595020000,92334.99,92335.00000000,92326.08000000,92331.34,4.00508,1767595079999,369793.67775540,2016,2.06599000,190751.23217090,0
1767595080000,92331.35,92339.20000000,92319.60000000,92327.37,4.14163,1767595139999,382388.50708580,2267,1.29823000,119860.10328260,0
1767595140000,92327.37,92360.00000000,92327.37000000,92350.97,8.94092,1767595199999,825645.76030080,1670,6.77616000,625722.17582800,0
1767595200000,92350.98,92350.98000000,92336.43000000,92338.08,4.70753,1767595259999,434727.13738690,626,1.17768000,108757.79800880,0
1767595260000,92338.09,92372.43000000,92338.08000000,92372.42,5.28419,1767595319999,488009.61830370,1338,4.54128000,419398.01179370,0
1767595320000,92372.42,92372.43000000,92350.98000000,92350.98,4.35652,1767595379999,402373.23306950,881,1.26125000,116483.69487970,0
1767595380000,92350.98,92351.00000000,92350.98000000,92350.99,2.21886,1767595439999,204913.91701550,512,1.15260000,106443.75257270,0
